 'AJACMTRS' 41.92746 8.76261 49 2.4877 0.0036083556808073 0 1 1 1
 'ALDBMTRS' 52.15316 1.60283 12 2.4286 -0.0089990957884574 0 1 1 1
 'ATTLMTRS' 52.51683 0.98813 36 2.4388 -0.0092848777078802 0 1 1 1
 'BRMFMTRS' 45.72607 4.93839 207 2.4695 0.046637605848923 0 1 1 1
 'BSCNMTRS' 47.24688 5.98938 311 2.4189 -0.0099909015841955 0 1 1 1
 'CBW1MTRS' 51.96954 4.92618 2 2.4436 -0.0049053103559262 0 1 1 1
 'CFRMMTRS' 49.68479 18.35318 331 2.3271 -0.0021474444393146 0 1 1 1
 'DLF1MTRS' 51.98602 4.38746 32 2.4422 -0.0062191279162147 0 1 1 1
 'EIJSMTRS' 50.75824 5.68361 57 2.455 -0.0075698279732439 0 1 1 1
 'GOETMTRS' 51.50021 9.95055 169 2.3654 -0.0083001405130072 0 1 1 1
 'GOPEMTRS' 49.9137 14.78562 548 2.2605 -0.0019751955008211 0 1 1 1
 'GORSMTRS' 52.57556 1.73194 7 2.4463 0.0046515197191614 0 1 1 1
 'GRASMTRS' 43.75473 6.92057 1269 2.1338 0.0021718171028509 0 1 1 1
 'GRAZMTRS' 47.06713 15.49348 493 2.3437 0.0063346554888932 0 1 1 1
 'IJMUMTRS' 52.46197 4.55606 11 2.4472 0.0008804547488066 0 1 1 1
 'JOZ2MTRS' 52.09783 21.03235 121 2.3747 0.0040695018235111 0 1 1 1
 'KARLMTRS' 49.01124 8.41125 135 2.4814 -0.0077452418820818 0 1 1 1
 'KOS1MTRS' 52.17336 5.81822 62 2.4119 -0.010257336807276 0 1 1 1
 'MARSMTRS' 43.27877 5.35378 13 2.5048 0.0033466540274256 0 1 1 1
 'MAR1MTRS' 51.3917 1.38289 14 2.4115 -0.026973537950306 0 1 1 1
 'MATEMTRS' 40.64913 16.70446 490 2.2842 -0.016507127111118 0 1 1 1
 'OBE4MTRS' 48.0848 11.27785 605 2.3072 -0.016161636961148 0 1 1 1
 'ORIDMTRS' 41.12731 20.79405 731 2.2522 -0.0014562284789799 0 1 1 1
 'PENCMTRS' 47.7896 19.28152 248 2.3464 -0.0021498068880237 0 1 1 1
 'POTSMTRS' 52.3793 13.06609 104 2.3963 -0.013787255262729 0 1 1 1
 'SRJVMTRS' 43.86785 18.41389 599 2.3101 0.014822137471939 0 1 1 1
 'SULPMTRS' 49.83559 24.01448 344 2.3211 0.0060225364353905 0 1 1 1
 'TORIMTRS' 45.06337 7.66128 263 2.4562 0.021238166868429 0 1 1 1
 'TUBOMTRS' 49.20589 16.59283 280 2.3469 0.011067600071883 0 1 1 1
 'UCAGMTRS' 39.22803 9.11013 88 2.4529 -0.0026432745355769 0 1 1 1
 'VLISMTRS' 51.44287 3.59733 10 2.4642 -0.0030498886632895 0 1 1 1
 'WTZRMTRS' 49.1442 12.87891 619 2.2743 0.022378990742365 0 1 1 1
 'ZOUFMTRS' 46.55722 12.97355 1898 1.9726 0.012088676848323 0 1 1 1
 'AJACMR54' 41.92746 8.76261 49 2.4694 -0.014691644319193 0 1 1 1
 'ALDBMR54' 52.15316 1.60283 12 2.4418 0.004200904211543 0 1 1 1
 'AMSTMR54' 52.38731 4.83562 45 2.436 -0.0011467901218456 0 1 1 1
 'APELMR54' 52.21192 5.96229 72 2.4009 -0.016234994397952 0 1 1 1
 'ARNHMR54' 51.95264 5.87385 33 2.4235 -0.0021243201353864 0 1 1 1
 'ATTLMR54' 52.51683 0.98813 36 2.4551 0.0070151222921195 0 1 1 1
 'BADHMR54' 50.22797 8.60985 213 2.3976 0.0080579140966068 0 1 1 1
 'BOR1MR54' 52.27695 17.07345 89 2.4102 0.0083310712375178 0 1 1 1
 'BOXMMR54' 51.63998 5.98286 26 2.4373 -0.0023363842641206 0 1 1 1
 'BRD2MR54' 51.56337 4.74639 11 2.4481 -0.009236245293708 0 1 1 1
 'BRUXMR54' 50.79806 4.35856 113 2.4339 -0.011461528817007 0 1 1 1
 'CBW1MR54' 51.96954 4.92618 2 2.447 -0.0015053103559262 0 1 1 1
 'DELFMR54' 51.98612 4.38758 31 2.4432 -0.0055405092903409 0 1 1 1
 'DENTMR54' 50.9337 3.39967 20 2.4726 -0.0090663692030226 0 1 1 1
 'DHELMR54' 52.96321 4.7439 6 2.4444 0.0045203672237442 0 1 1 1
 'DLF1MR54' 51.98602 4.38746 32 2.4455 -0.0029191279162148 0 1 1 1
 'EBRGMR54' 52.06751 6.65686 31 2.4209 -0.0020055949878226 0 1 1 1
 'EHVNMR54' 51.43359 5.4658 41 2.4325 -0.015597971760382 0 1 1 1
 'ENTZMR54' 48.54936 7.6399 156 2.5076 0.0085512327419179 0 1 1 1
 'EPL1MR54' 51.99792 3.27504 21 2.4637 0.0040205432819098 0 1 1 1
 'GENOMR54' 44.41938 8.92114 111 2.4743 -0.030825741128623 0 1 1 1
 'GOPEMR54' 49.9137 14.78562 548 2.263 0.0005248044991788 0 1 1 1
 'GORSMR54' 52.57556 1.73194 7 2.4559 0.014251519719162 0 1 1 1
 'GRASMR54' 43.75473 6.92057 1269 2.1125 -0.019128182897149 0 1 1 1
 'GRAZMR54' 47.06713 15.49348 493 2.3442 0.0068346554888929 0 1 1 1
 'HARLMR54' 53.17568 5.41129 10 2.4421 0.0058669246268814 0 1 1 1
 'HHO2MR54' 51.97755 4.11978 9 2.4519 -0.0078373773676215 0 1 1 1
 'HOOGMR54' 52.74899 6.57314 17 2.4167 -0.00042682254236048 0 1 1 1
 'JOURMR54' 52.96152 5.81308 8 2.4292 0.0064124571808812 0 1 1 1
 'KARLMR54' 49.01124 8.41125 135 2.4877 -0.0014452418820818 0 1 1 1
 'KERKMR54' 50.85184 6.0067 189 2.4064 -0.006972505743994 0 1 1 1
 'KOS1MR54' 52.17336 5.81822 62 2.4099 -0.012257336807276 0 1 1 1
 'LDB2MR54' 52.20912 14.12092 120 2.3899 -0.012845836869778 0 1 1 1
 'LELYMR54' 52.50461 5.42106 9 2.4381 0.00031265741094977 0 1 1 1
 'LIL2MR54' 50.61351 3.13595 51 2.4601 -0.0046454604598938 0 1 1 1
 'LITHMR54' 51.8083 5.4537 19 2.4392 -5.1152457458681e-05 0 1 1 1
 'LWRDMR54' 53.19689 5.78714 31 2.4262 0.0096402169872096 0 1 1 1
 'MARSMR54' 43.27877 5.35378 13 2.48 -0.021453345972574 0 1 1 1
 'MAR1MR54' 51.3917 1.38289 14 2.4403 0.0018264620496939 0 1 1 1
 'MATEMR54' 40.64913 16.70446 490 2.3027 0.0019928728888821 0 1 1 1
 'MEDIMR54' 44.51995 11.64681 10 2.5037 -0.01818832342047 0 1 1 1
 'MLVLMR54' 48.84106 2.58731 116 2.443 0.0220349711784 0 1 1 1
 'MSTRMR54' 50.84483 5.70262 69 2.4568 0.0037607433850178 0 1 1 1
 'OBE4MR54' 48.0848 11.27785 605 2.3027 -0.020661636961147 0 1 1 1
 'OLDEMR54' 52.30912 6.89439 39 2.4079 -0.010884871982831 0 1 1 1
 'PENCMR54' 47.7896 19.28152 248 2.3434 -0.0051498068880238 0 1 1 1
 'PTBBMR54' 52.29619 10.45974 87 2.4113 -0.0055831727256019 0 1 1 1
 'PUYVMR54' 45.04361 3.87887 657 2.2952 0.0085112515409445 0 1 1 1
 'RDAMMR54' 51.95279 4.55929 39 2.4439 -0.00031575965519126 0 1 1 1
 'REDUMR54' 50.0015 5.14488 323 2.3989 0.020522943208362 0 1 1 1
 'RIL2MR54' 51.44811 4.23053 24 2.4592 0.0033394131768452 0 1 1 1
 'ROE2MR54' 51.17481 5.99913 36 2.4471 -0.006721345180225 0 1 1 1
 'SASGMR54' 51.22941 3.80898 25 2.4668 0.0013183822260423 0 1 1 1
 'SDYKMR54' 51.74862 3.82605 15 2.4587 -0.0025381885866311 0 1 1 1
 'SULPMR54' 49.83559 24.01448 344 2.3169 0.0018225364353905 0 1 1 1
 'TAPLMR54' 52.879 7.09856 21 2.409 -0.0025573709110684 0 1 1 1
 'TXE2MR54' 53.04107 4.85117 9 2.4457 0.0074921726205139 0 1 1 1
 'UCAGMR54' 39.22803 9.11013 88 2.4504 -0.0051432745355768 0 1 1 1
 'USALMR54' 40.33492 18.11148 29 2.4579 -0.0037635820972963 0 1 1 1
 'UTR2MR54' 52.06263 5.09309 19 2.4414 0.0030299820519772 0 1 1 1
 'VEN1MR54' 45.43057 12.35407 17 2.5183 -0.022995506828478 0 1 1 1
 'VLISMR54' 51.44287 3.59733 10 2.4681 0.00085011133671076 0 1 1 1
 'WAREMR54' 50.68987 5.24531 142 2.4372 0.0005740478229983 0 1 1 1
 'WIL2MR54' 51.68243 4.39769 10 2.4496 -0.009965768951445 0 1 1 1
 'WSRAMR54' 52.91461 6.6045 41 2.4016 -0.0063260693984639 0 1 1 1
 'ZWO2MR54' 52.50279 6.09336 23 2.4119 -0.0094809041234414 0 1 1 1
 'AJACMTRH' 41.92746 8.76261 49 2.4936 0.0095083556808073 0 1 1 1
 'AUTNMTRH' 46.95384 4.28897 305 2.3762 -0.016301459853856 0 1 1 1
 'BADHMTRH' 50.22797 8.60985 213 2.3912 0.0016579140966066 0 1 1 1
 'BOR1MTRH' 52.27695 17.07345 89 2.4098 0.0079310712375178 0 1 1 1
 'BRMFMTRH' 45.72607 4.93839 207 2.454 0.031137605848923 0 1 1 1
 'BSCNMTRH' 47.24688 5.98938 311 2.4148 -0.014090901584195 0 1 1 1
 'CBW1MTRH' 51.96954 4.92618 2 2.4438 -0.0047053103559263 0 1 1 1
 'CFRMMTRH' 49.6848 18.3532 331 2.3287 -0.0081272261489489 1 0 1 0
 'DGLGMTRH' 50.99365 2.34475 12 2.4687 -0.004072319382427 0 1 1 1
 'DLF1MTRH' 51.98602 4.38746 32 2.4418 -0.0066191279162147 0 1 1 1
 'DUNQMTRH' 51.04807 2.36669 9 2.4696 -0.0040790882857453 0 1 1 1
 'ENTZMTRH' 48.54936 7.6399 156 2.4967 -0.002348767258082 0 1 1 1
 'EQH2MTRH' 50.68035 1.56755 45 2.4376 -0.00014294945564464 0 1 1 1
 'GENOMTRH' 44.41938 8.92114 111 2.4858 -0.019325741128624 0 1 1 1
 'GOPEMTRH' 49.9137 14.78562 548 2.2578 -0.0046751955008211 0 1 1 1
 'KARLMTRH' 49.01124 8.41125 135 2.4854 -0.0037452418820818 0 1 1 1
 'KOS1MTRH' 52.17336 5.81822 62 2.4106 -0.011557336807276 0 1 1 1
 'LDB2MTRH' 52.20912 14.12092 120 2.3908 -0.011945836869778 0 1 1 1
 'LETOMTRH' 50.51389 1.61907 18 2.4443 -0.0077444840502938 0 1 1 1
 'LIL2MTRH' 50.61351 3.13595 51 2.4585 -0.006245460459894 0 1 1 1
 'MARSMTRH' 43.27877 5.35378 13 2.4992 -0.0022533459725742 0 1 1 1
 'MATEMTRH' 40.64913 16.70446 490 2.3028 0.0020928728888818 0 1 1 1
 'MEDIMTRH' 44.51995 11.64681 10 2.5272 0.00531167657953 0 1 1 1
 'MLVLMTRH' 48.84106 2.58731 116 2.4338 0.012834971178401 0 1 1 1
 'OBE4MTRH' 48.0848 11.27785 605 2.3027 -0.020661636961147 0 1 1 1
 'PTBBMTRH' 52.29619 10.45974 87 2.4142 -0.002683172725602 0 1 1 1
 'PUYVMTRH' 45.04361 3.87887 657 2.3137 0.027011251540944 0 1 1 1
 'UCAGMTRH' 39.22803 9.11013 88 2.4518 -0.003743274535577 0 1 1 1
 'USALMTRH' 40.33492 18.11148 29 2.458 -0.0036635820972961 0 1 1 1
 'VEN1MTRH' 45.43057 12.35407 17 2.5335 -0.0077955068284781 0 1 1 1
 'VLISMTRH' 51.44287 3.59733 10 2.462 -0.0052498886632892 0 1 1 1
 'AJACMTGH' 41.92746 8.76261 49 2.4939 0.0098083556808075 0 1 1 1
 'BADHMTGH' 50.22797 8.60985 213 2.3911 0.0015579140966064 0 1 1 1
 'BOR1MTGH' 52.27695 17.07345 89 2.4096 0.0077310712375178 0 1 1 1
 'BSCNMTGH' 47.24688 5.98938 311 2.4005 -0.028390901584195 0 1 1 1
 'CBW1MTGH' 51.96954 4.92618 2 2.4472 -0.0013053103559262 0 1 1 1
 'DLF1MTGH' 51.98602 4.38746 32 2.4453 -0.0031191279162148 0 1 1 1
 'GENOMTGH' 44.41938 8.92114 111 2.4903 -0.014825741128623 0 1 1 1
 'GOPEMTGH' 49.9137 14.78562 548 2.2677 0.0052248044991789 0 1 1 1
 'GRACMTGH' 43.75449 6.92076 1270 2.1296 -0.0017799384409427 0 1 1 1
 'KARLMTGH' 49.01124 8.41125 135 2.4855 -0.0036452418820816 0 1 1 1
 'KOS1MTGH' 52.17336 5.81822 62 2.415 -0.0071573368072761 0 1 1 1
 'LDB2MTGH' 52.20912 14.12092 120 2.3918 -0.010945836869778 0 1 1 1
 'MARSMTGH' 43.27877 5.35378 13 2.4913 -0.010153345972574 0 1 1 1
 'MATEMTGH' 40.64913 16.70446 490 2.2997 -0.0010071271111181 0 1 1 1
 'MATGMTGH' 40.64902 16.70464 490 2.2993 -0.0014046338475673 0 1 1 1
 'MEDIMTGH' 44.51995 11.64681 10 2.5353 0.01341167657953 0 1 1 1
 'MLVLMTGH' 48.84106 2.58731 116 2.4391 0.0181349711784 0 1 1 1
 'OBE4MTGH' 48.0848 11.27785 605 2.303 -0.020361636961148 0 1 1 1
 'POTSMTGH' 52.3793 13.06609 104 2.4027 -0.0073872552627288 0 1 1 1
 'PTBBMTGH' 52.29619 10.45974 87 2.4114 -0.0054831727256022 0 1 1 1
 'TUBOMTGH' 49.20589 16.59283 280 2.351 0.015167600071883 0 1 1 1
 'UCAGMTGH' 39.22803 9.11013 88 2.4481 -0.0074432745355768 0 1 1 1
 'WTZZMTGH' 49.14421 12.8789 619 2.2682 0.016278785689733 0 1 1 1
 'AJACMG54' 41.92746 8.76261 49 2.4893 0.0052083556808076 0 1 1 1
 'BAUTMG54' 51.19234 14.52173 169 2.3778 0.0014715489885742 0 1 1 1
 'BOR1MG54' 52.27695 17.07345 89 2.4111 0.0092310712375174 0 1 1 1
 'BRUXMG54' 50.79806 4.35856 113 2.4314 -0.013961528817007 0 1 1 1
 'BZR2MG54' 46.49579 11.33823 282 2.4745 0.0085333198460447 0 1 1 1
 'DLF1MG54' 51.98602 4.38746 32 2.4454 -0.0030191279162151 0 1 1 1
 'GENOMG54' 44.41938 8.92114 111 2.4887 -0.016425741128623 0 1 1 1
 'GOP6MG54' 49.91367 14.7856 547 2.2708 0.0080391141515559 0 1 1 1
 'GOP7MG54' 49.91367 14.7856 547 2.2717 0.008939114151556 0 1 1 1
 'GOPEMG54' 49.9137 14.78562 548 2.2716 0.0091248044991787 0 1 1 1
 'GRACMG54' 43.75449 6.92076 1270 2.1297 -0.0016799384409425 0 1 1 1
 'GRASMG54' 43.75473 6.92057 1269 2.128 -0.0036281828971489 0 1 1 1
 'GRAZMG54' 47.06713 15.49348 493 2.3492 0.011834655488893 0 1 1 1
 'JOZ2MG54' 52.09783 21.03235 121 2.3727 0.0020695018235113 0 1 1 1
 'KOS1MG54' 52.17336 5.81822 62 2.4102 -0.011957336807276 0 1 1 1
 'MARSMG54' 43.27877 5.35378 13 2.4959 -0.0055533459725745 0 1 1 1
 'MAT1MG54' 40.64906 16.70454 489 2.296 -0.0050044934939533 0 1 1 1
 'MATEMG54' 40.64913 16.70446 490 2.2988 -0.0019071271111182 0 1 1 1
 'MATGMG54' 40.64902 16.70464 490 2.3003 -0.00040463384756739 0 1 1 1
 'MEDIMG54' 44.51995 11.64681 10 2.5354 0.01351167657953 0 1 1 1
 'OBE4MG54' 48.0848 11.27785 605 2.3031 -0.020261636961147 0 1 1 1
 'ORIDMG54' 41.12731 20.79405 731 2.2494 -0.00425622847898 0 1 1 1
 'PENCMG54' 47.7896 19.28152 248 2.3398 -0.0087498068880238 0 1 1 1
 'POTSMG54' 52.3793 13.06609 104 2.4051 -0.0049872552627286 0 1 1 1
 'PTBBMG54' 52.29619 10.45974 87 2.4148 -0.0020831727256021 0 1 1 1
 'REDUMG54' 50.0015 5.14488 323 2.4008 0.022422943208362 0 1 1 1
 'WTZRMG54' 49.1442 12.87891 619 2.2709 0.018978990742365 0 1 1 1
 'ZIM3MG54' 46.87709 7.46503 908 2.2593 0.019301902776497 0 1 1 1
 'DZYLMR54' 53.32004 6.94043 16 2.4062 -0.012440137535121 0 1 1 1
 'IJMUMR54' 52.46197 4.55606 11 2.4461 -0.0010716708639831 0 1 1 1
 'ALDBMTRH' 52.15316 1.60283 12 2.4596 -0.0077665212477744 0 1 1 1
 'ATTLMTRH' 52.51683 0.98813 36 2.4867 0.0050476075500403 0 1 1 1
 'GORSMTRH' 52.57556 1.73194 7 2.4622 -0.01807320541698 0 1 1 1
 'IJMUMTRH' 52.46197 4.55606 11 2.4513 0.0041283291360168 0 1 1 1
 'MAR1MTRH' 51.3917 1.38289 14 2.4774 0.00070282381166775 0 1 1 1
 'GRASMTRH' 43.75473 6.92057 1269 2.116 -0.0090559551232041 0 1 1 1
 'GRAZMTRH' 47.06713 15.49348 493 2.3212 -0.029939351968679 0 1 1 1
 'ORIDMTRH' 41.12731 20.79405 731 2.2615 0.015375715777478 0 1 1 1
 'PENCMTRH' 47.7896 19.28152 248 2.3348 -0.022437330960761 0 1 1 1
 'SRJVMTRH' 43.86785 18.41389 599 2.3259 0.00052778932191044 0 1 1 1
 'SULPMTRH' 49.83559 24.01448 344 2.3124 0.010023423308996 0 1 1 1
 'ZOUFMTRH' 46.55722 12.97355 1898 1.9702 -0.018449813844376 0 1 1 1
 'GRASMTGH' 43.75473 6.92057 1269 2.1147 -0.010355955123204 0 1 1 1
 'GRAZMTGH' 47.06713 15.49348 493 2.3207 -0.030439351968679 0 1 1 1
 'JOZ2MTGH' 52.09783 21.03235 121 2.3851 -0.0013994621496169 0 1 1 1
 'JOZEMTGH' 52.09727 21.03153 110 2.3949 0.0048522555499493 0 1 1 1
 'ORIDMTGH' 41.12731 20.79405 731 2.2598 0.013675715777478 0 1 1 1
 'PENCMTGH' 47.7896 19.28152 248 2.3367 -0.020537330960761 0 1 1 1
 'SRJVMTGH' 43.8678 18.4139 599 2.3259 0.0054739610855585 1 0 1 0
 'SULPMTGH' 49.83559 24.01448 344 2.3121 0.009723423308996 0 1 1 1
 'IENGMR54' 45.01513 7.6394 269 2.4482 0.00072408884744357 0 1 1 1
 'IENGMTRH' 45.01513 7.6394 269 2.4559 0.0084240888474438 0 1 1 1
 'IENGMTGH' 45.01513 7.6394 269 2.4565 0.0090240888474438 0 1 1 1
 'IENGMG54' 45.01513 7.6394 269 2.4526 0.0051240888474435 0 1 1 1
 'MATENGA1' 40.6491 16.7045 490 2.3244 0.0031173622488989 0 1 1 1
 'ZIMMNGA1' 46.8771 7.46528 908 2.2492 0.014634476761772 0 1 1 1
 'BAJ1BMEG' 46.18344 18.98575 126 2.3904 0.014259754795386 0 1 1 1
 'BEKEBMEG' 46.70014 21.06703 95 2.3655 0.0045589201802474 0 1 1 1
 'BME1BMEG' 47.47903 19.05769 135 2.398 0.0088221558884802 0 1 1 1
 'BOCSBMEG' 46.60389 19.43797 121 2.3989 0.012429188598363 0 1 1 1
 'BRCSBMEG' 45.95686 17.42806 111 2.4133 0.028706894249943 0 1 1 1
 'CAKOBMEG' 46.38711 16.43908 176 2.3919 -0.0023268208111018 0 1 1 1
 'DEB1BMEG' 47.52969 21.57106 127 2.3626 0.011577498664177 0 1 1 1
 'DEVABMEG' 45.87842 22.91353 204 2.3412 -0.0020217944652541 0 1 1 1
 'DOMEBMEG' 46.32328 21.14583 111 2.3699 0.0074886804003649 0 1 1 1
 'FEHEBMEG' 47.97786 22.51506 120 2.3772 0.0052440014583715 0 1 1 1
 'GOPEBMEG' 49.91369 14.78564 548 2.2685 0.0030377172635454 0 1 1 1
 'GRAZBMEG' 47.06714 15.4935 493 2.3057 0.010857128385738 0 1 1 1
 'GSR1BMEG' 46.04814 14.54372 305 2.4252 -0.0027583493600543 0 1 1 1
 'HCBCBMEG' 46.68658 19.68228 125 2.395 0.016173569482723 0 1 1 1
 'HCSHBMEG' 47.99717 20.98756 114 2.3933 0.02720748094137 0 1 1 1
 'HERCBMEG' 48.32775 21.52725 146 2.3632 0.0039307933507944 0 1 1 1
 'KAPSBMEG' 46.354 17.69061 146 2.3969 0.02649233102301 0 1 1 1
 'KECTBMEG' 46.89103 19.70728 120 2.3966 0.021886026279103 0 1 1 1
 'KEREBMEG' 47.78683 20.35114 137 2.3875 0.0091196776650864 0 1 1 1
 'KRA1BMEG' 50.06611 19.92044 227 2.3515 0.0013454578157934 0 1 1 1
 'LHBCBMEG' 46.67683 21.16133 105 2.3625 0.0095722542830532 0 1 1 1
 'LHBPBMEG' 47.44706 19.21672 156 2.3837 0.0091208530233651 0 1 1 1
 'LHDCBMEG' 47.49244 21.61181 126 2.3601 0.0086796443233292 0 1 1 1
 'LHNYBMEG' 47.97964 21.68986 118 2.3647 0.0049999024169174 0 1 1 1
 'LHPPBMEG' 45.99522 18.23319 213 2.3611 -0.00096378104241035 0 1 1 1
 'LHPRBMEG' 47.62331 17.80456 144 2.3645 0.0082375981631597 0 1 1 1
 'LHSKBMEG' 46.82975 18.11722 154 2.3728 -0.0088294511249885 0 1 1 1
 'LHSMBMEG' 46.69664 17.16008 135 2.3856 0.010897684090475 0 1 1 1
 'LINZBMEG' 48.30978 14.28306 289 2.35 0.0081374404074812 0 1 1 1
 'NAGYBMEG' 46.46717 16.99219 162 2.392 0.01209745595525 0 1 1 1
 'NITRBMEG' 48.29014 18.07483 165 2.3684 0.0096489814520684 0 1 1 1
 'ORISBMEG' 46.85595 16.39956 275 2.3578 0.015303408893206 0 1 1 1
 'OROSBMEG' 46.55522 20.67133 104 2.3864 0.017165807395698 0 1 1 1
 'OZD0BMEG' 48.23328 20.32853 172 2.3761 0.0052843158024749 0 1 1 1
 'PAP0BMEG' 47.30975 17.49181 156 2.3651 0.0050556616355721 0 1 1 1
 'PECSBMEG' 46.05789 18.27311 171 2.3795 0.0087295167170223 0 1 1 1
 'PENCBMEG' 47.78961 19.28153 248 2.3598 0.019485527692431 0 1 1 1
 'POREBMEG' 45.22603 13.59503 22 2.5714 0.0089892171419517 0 1 1 1
 'POZEBMEG' 45.33283 17.67547 167 2.4206 0.011831196501965 0 1 1 1
 'RAJKBMEG' 47.99147 17.20244 141 2.3782 0.0013964504514461 0 1 1 1
 'SARBBMEG' 46.8527 18.63353 113 2.3979 0.016044960304315 0 1 1 1
 'SBG2BMEG' 47.80342 13.11042 1278 2.1018 0.0054031460684798 0 1 1 1
 'SPRNBMEG' 47.68364 16.58306 234 2.3606 0.013489927523166 0 1 1 1
 'SZO2BMEG' 47.18828 20.15561 94 2.4004 0.018229656347757 0 1 1 1
 'SZOMBMEG' 47.23256 16.637 216 2.3636 0.0095066411205416 0 1 1 1
 'TAB0BMEG' 46.72758 18.04647 269 2.3482 0.0030650502283556 0 1 1 1
 'TATBBMEG' 47.56864 18.43206 167 2.3718 -0.0011575691067414 0 1 1 1
 'TRF2BMEG' 47.92797 15.85892 1046 2.1471 0.024022264257836 0 1 1 1
 'TUBOBMEG' 49.20589 16.59283 280 2.3534 0.0080517364995525 0 1 1 1
 'TURKBMEG' 47.10667 20.72631 95 2.3958 0.024443477353223 0 1 1 1
 'ULL1BMEG' 47.39175 19.32061 130 2.3897 0.011451600036095 0 1 1 1
 'VAC0BMEG' 47.77914 19.14611 124 2.3991 0.016037608947784 0 1 1 1
 'VAJHBMEG' 46.36267 20.23744 86 2.4042 0.01739521316374 0 1 1 1
 'VARPBMEG' 47.20186 18.14414 176 2.3773 -5.3839321080495e-05 0 1 1 1
 'WROCBMEG' 51.11325 17.06206 141 2.3916 0.011520409949199 0 1 1 1
 'ZADABMEG' 44.11317 15.22758 21 2.5335 -0.022627435679585 0 1 1 1
 'ZSADBMEG' 46.93283 21.48289 97 2.3654 -0.0012850664936219 0 1 1 1
 'ARA1BMEL' 46.49461 15.50878 1245 2.1079 0.014751290255428 0 1 1 1
 'BALEBMEL' 46.18114 18.93992 112 2.3924 0.019570085356309 0 1 1 1
 'BME1BMEL' 47.47903 19.05769 135 2.3982 0.0090221558884802 0 1 1 1
 'BODOBMEL' 46.74075 16.09017 294 2.3517 0.0083385341263407 0 1 1 1
 'BOVCBMEL' 46.33264 13.54211 439 2.4245 0.027708766837567 0 1 1 1
 'BRZCBMEL' 45.9043 15.59253 176 2.4406 0.0016935323550964 0 1 1 1
 'BUTEBMEL' 47.48095 19.05653 137 2.3951 0.0065799619828546 0 1 1 1
 'CAKOBMEL' 46.38711 16.43908 176 2.3892 -0.0050268208111017 0 1 1 1
 'CELJBMEL' 46.24178 15.24158 248 2.4098 0.0059951981864566 0 1 1 1
 'CRNMBMEL' 45.57864 15.19331 190 2.4311 -0.023318090518854 0 1 1 1
 'CSORBMEL' 47.61169 17.25139 134 2.3686 -0.0093122320630323 0 1 1 1
 'FUZEBMEL' 47.74967 20.41569 123 2.3933 -0.0029284858842709 0 1 1 1
 'GOPEBMEL' 49.91369 14.78564 548 2.2673 0.0018377172635455 0 1 1 1
 'GRAZBMEL' 47.06714 15.4935 493 2.3051 0.010257128385738 0 1 1 1
 'GYFHBMEL' 47.68433 17.63453 151 2.3611 -0.0073702174279791 0 1 1 1
 'GYOMBMEL' 46.9325 20.82597 98 2.3822 0.0096934394237227 0 1 1 1
 'IDRIBMEL' 46.00367 14.02978 332 2.4345 -0.0028338158136094 0 1 1 1
 'ILIBBMEL' 45.56717 14.24831 448 2.4191 -0.0047796869522307 0 1 1 1
 'JASZBMEL' 47.50594 19.92017 107 2.3925 0.015967188850995 0 1 1 1
 'KAPOBMEL' 46.36222 17.79822 159 2.3776 0.01201381106885 0 1 1 1
 'KATOBMEL' 50.25328 19.03564 292 2.3347 0.0063775393994328 0 1 1 1
 'KGA1BMEL' 46.44819 16.25047 247 2.3703 0.0014897377979977 0 1 1 1
 'KOPEBMEL' 45.54811 13.72456 8 2.567 -0.01237634643749 0 1 1 1
 'KOPRBMEL' 45.54847 13.73131 23 2.5623 -0.011194875185543 0 1 1 1
 'LENDBMEL' 46.56472 16.44711 174 2.3899 0.0047795039237792 0 1 1 1
 'LINZBMEL' 48.30978 14.28306 289 2.3484 0.0065374404074809 0 1 1 1
 'MBEKBMEL' 46.67936 21.16069 89 2.3569 -0.00092992255926561 0 1 1 1
 'MFOLBMEL' 47.803 21.13781 94 2.3709 0.0028240684986609 0 1 1 1
 'MGYOBMEL' 47.75794 19.91358 138 2.3925 0.011609388053983 0 1 1 1
 'MKEKBMEL' 46.89925 19.662 118 2.3846 0.0081786662910917 0 1 1 1
 'MKKHBMEL' 46.44986 19.4725 128 2.3901 0.012654349350631 0 1 1 1
 'MNIZBMEL' 46.456 16.97014 142 2.3971 0.012453372482613 0 1 1 1
 'MONOBMEL' 47.3563 19.44519 151 2.3992 0.026289844123268 0 1 1 1
 'MOPIBMEL' 48.37272 17.27386 535 2.2546 -0.010879365863226 0 1 1 1
 'MPAKBMEL' 46.57331 18.84556 98 2.3955 -0.00036476460139756 0 1 1 1
 'MPERBMEL' 47.62267 17.80442 130 2.3642 0.0037782932536352 0 1 1 1
 'MPOGBMEL' 45.99492 18.235 202 2.3688 0.0034478712272379 0 1 1 1
 'MRBRBMEL' 46.56219 15.64872 296 2.3704 0.004250360225651 0 1 1 1
 'MSRVBMEL' 47.24289 16.90847 159 2.3749 0.0072520669414349 0 1 1 1
 'MTASBMEL' 47.02128 18.98517 100 2.3899 0.0029857715649091 0 1 1 1
 'NOVGBMEL' 45.89636 13.62472 65 2.5337 0.011973770287321 0 1 1 1
 'NYIRBMEL' 47.83519 22.13578 164 2.3549 0.0047431672932303 0 1 1 1
 'NYL2BMEL' 47.95144 21.71025 121 2.3586 0.0022876825054539 0 1 1 1
 'OROSBMEL' 46.55522 20.67133 104 2.3856 0.016365807395698 0 1 1 1
 'PEN2BMEL' 47.78975 19.28192 252 2.3566 0.017501258076571 0 1 1 1
 'PENCBMEL' 47.78961 19.28153 248 2.3542 0.013885527692431 0 1 1 1
 'POREBMEL' 45.22603 13.59503 22 2.5735 0.011089217141952 0 1 1 1
 'PTRSBMEL' 47.60347 22.36178 151 2.3575 -0.00070099476097774 0 1 1 1
 'PTUJBMEL' 46.4165 15.88111 238 2.3775 3.007930237775e-06 0 1 1 1
 'PUSPBMEL' 47.31675 21.11939 101 2.3685 -0.005978845820894 0 1 1 1
 'PZA1BMEL' 45.59075 15.26064 166 2.441 -0.024937661482603 0 1 1 1
 'RDVLBMEL' 46.34378 14.17156 507 2.3716 0.022891104224781 0 1 1 1
 'SALGBMEL' 48.11094 19.81036 261 2.3464 0.0067656803534706 0 1 1 1
 'SBG2BMEL' 47.80342 13.11042 1278 2.1048 0.0084031460684799 0 1 1 1
 'SIOFBMEL' 46.90686 18.052 122 2.3897 -0.0016318886044391 0 1 1 1
 'SLOGBMEL' 46.51178 15.08003 424 2.3414 0.0040872194263835 0 1 1 1
 'SPRNBMEL' 47.68364 16.58306 234 2.3594 0.012289927523166 0 1 1 1
 'SZFVBMEL' 47.18878 18.41883 129 2.3801 0.0057523385675271 0 1 1 1
 'TPOLBMEL' 46.88272 17.43483 139 2.3809 0.0047648619780118 0 1 1 1
 'TRBNBMEL' 45.90733 15.00817 285 2.4253 -0.0024124579148079 0 1 1 1
 'TRF2BMEL' 47.92797 15.85892 1046 2.1455 0.022422264257836 0 1 1 1
 'TUBOBMEL' 49.20589 16.59283 280 2.3521 0.0067517364995524 0 1 1 1
 'USDLBMEL' 49.43292 22.58578 494 2.2768 0.012649832017192 0 1 1 1
 'WROCBMEL' 51.11325 17.06206 141 2.3911 0.011020409949199 0 1 1 1
 'ZYWIBMEL' 49.6867 19.20594 371 2.3099 0.0086688266607489 0 1 1 1
 'ZZONBMEL' 46.89145 16.83203 209 2.3644 0.0088524077997798 0 1 1 1
 'ZYWIROBH' 49.6867 19.20597 371 2.3025 0.0012678268590922 0 1 1 1
 'ZZONROBH' 46.89145 16.83203 207 2.3632 0.0070505751004069 0 1 1 1
 'AIGELPTX' 46.24778 6.12825 424 2.3781 0.019450342567079 0 1 1 1
 'ARD2LPTX' 46.77639 10.20475 1497 2.0671 -0.015614708599608 0 1 1 1
 'BOU2LPTX' 47.39405 7.23044 893 2.2671 0.0101228405386 0 1 1 1
 'DAV2LPTX' 46.813 9.8437 1597 2.0735 0.012804568436233 1 0 1 0
 'EPFLLPTX' 46.5215 6.5679 409 2.3791 0.0029274664855512 1 0 1 0
 'ETH2LPTX' 47.4072 8.5106 548 2.3632 0.022195686369732 1 0 1 0
 'FALELPTX' 46.8045 9.2303 1296 2.15 0.0075396519326247 1 0 1 0
 'FRI3LPTX' 47.52742 8.11161 679 2.3388 0.035908901646009 0 1 1 1
 'HABGLPTX' 46.7475 8.1828 1098 2.2125 -0.018752807388518 1 0 1 0
 'HOH2LPTX' 46.3194 7.7628 934 2.2208 -0.021156150679403 1 0 1 0
 'HUTTLPTX' 47.14108 7.83489 731 2.2939 0.009319433196382 0 1 1 1
 'KALTLPTX' 47.218 9.0084 430 2.4092 0.007121797470516 1 0 1 0
 'KREULPTX' 47.6413 9.1601 483 2.386 0.011110416836338 1 0 1 0
 'LOMOLPTX' 46.17256 8.78744 389 2.4284 0.001213560386613 0 1 1 1
 'LUZELPTX' 47.0682 8.3006 494 2.3806 0.01643575667749 1 0 1 0
 'NEUCLPTX' 46.99383 6.9405 455 2.3978 0.013358474547582 0 1 1 1
 'OALPLPTX' 46.66006 8.67372 2090 1.9349 -0.0091964178556987 0 1 1 1
 'PAYELPTX' 46.81214 6.94394 499 2.3513 -0.0061969874523347 0 1 1 1
 'SAA2LPTX' 46.51553 7.30131 1370 2.1237 -0.022517781439083 0 1 1 1
 'SAM2LPTX' 46.5262 9.87944 1712 2.0377 0.0088469847107855 0 1 1 1
 'SANBLPTX' 46.46383 9.18456 1653 2.0673 -0.0012438288330858 0 1 1 1
 'SAR2LPTX' 46.98269 9.50739 1218 2.1798 0.034880144450212 0 1 1 1
 'SCHALPTX' 47.7376 8.6559 590 2.3506 -0.0068460972424456 1 0 1 0
 'STA2LPTX' 45.8558 8.9417 371 2.4218 -0.0097444817873535 1 0 1 0
 'STCXLPTX' 46.8224 6.5012 1105 2.1707 -0.068146624777277 0 0 1 1
 'STGALPTX' 47.4418 9.3459 707 2.316 0.019791538499751 1 0 1 0
 'ZERMLPTX' 46.0014 7.732 1879 1.9818 -0.045404947942461 1 0 1 0
 'ZIM2LPTX' 46.87708 7.46503 908 2.2481 0.0135333847005 0 1 1 1
 'BLG2LPTX' 46.17178 5.57411 495 2.3028 -0.029546545574126 0 1 1 1
 'FLDKLPTX' 47.23136 9.58061 524 2.376 0.019012723291075 0 1 1 1
 'ISLDLPTX' 47.4537 6.5889 299 2.391 -0.027593149288446 1 0 1 0
 'KOPSLPTX' 46.9739 10.1154 1858 1.9895 -0.012278579407224 1 0 1 0
 'KRBGLPTX' 47.1462 10.6268 2209 1.8762 -0.021876706701109 1 0 1 0
 'LECHLPTX' 47.2241 10.1391 1775 2.0146 -0.01054895745823 1 0 1 0
 'MABZLPTX' 46.686 10.5511 1042 2.2337 0.037719943037226 1 0 1 0
 'MARGLPTX' 46.08442 6.51072 474 2.3651 -0.0360877802004 0 1 1 1
 'SIGMLPTX' 48.08358 9.22392 598 2.3458 0.0092319539386496 0 1 1 1
 'VSW2LPTX' 48.0731 8.5276 741 2.308 0.0094498284095161 1 0 1 0
 'WEINLPTX' 47.8133 9.6571 519 2.3764 0.001783258450021 1 0 1 0
 'FHNWLPTX' 47.5346 7.6419 347 2.4595 0.057066728438304 0 0 1 1
 'MAR4LPTX' 46.12222 7.07069 594 2.3582 0.014118582190124 0 1 1 1
 'LONSLPTX' 46.67847 5.55703 276 2.369 0.0073574949765285 0 1 1 1
 'GOESLPTX' 47.86253 8.30628 905 2.2433 -0.015775040213723 0 1 1 1
 '0132GF1G' 50.796 12.9129 332 2.3379 -0.0088232250592184 1 0 1 0
 '0136GF1G' 51.5655 12.9828 111 2.3828 -0.0011902448537926 1 0 1 0
 '0142GF1G' 51.2971 13.7408 156 2.3716 -0.0035576676819447 1 0 1 0
 '0144GF1G' 50.455 12.743 885 2.1805 -0.0069039141929648 1 0 1 0
 '0148GF1G' 50.49243 12.10054 416 2.3192 0.0030988570069113 0 1 1 1
 '0151GF1G' 51.2933 13.1256 169 2.3722 -0.00080324402909371 1 0 1 0
 '0153GF1G' 51.45054 14.18834 132 2.3788 0.012530534727743 0 1 1 1
 '0154GF1G' 51.22096 14.12591 238 2.3537 0.0077364600500678 0 1 1 1
 '0156GF1G' 50.70889 13.42367 697 2.2332 0.0084166802462247 0 1 1 1
 '0198GF1G' 50.59321 10.41663 361 2.3516 0.010829783666159 0 1 1 1
 '0200GF1G' 51.3671 10.8493 225 2.3572 -0.0028709633976964 1 0 1 0
 '0204GF1G' 50.98444 12.42553 241 2.356 -0.0027715111568858 0 1 1 1
 '0209GF1G' 51.0052 11.0282 203 2.3738 -0.0003064578198857 1 0 1 0
 '0211GF1G' 50.5839 11.8107 455 2.3131 -0.0091918896203516 1 0 1 0
 '0212GF1G' 50.42796 10.73119 404 2.349 0.012959161142145 0 1 1 1
 '0214GF1G' 51.2027 10.4641 237 2.3637 0.0087136442766131 1 0 1 0
 '0215GF1G' 50.3557 11.1799 418 2.34 -0.0056169753629463 1 0 1 0
 '0216GF1G' 50.81246 10.22908 268 2.3709 0.012931979787841 0 1 1 1
 '0218GF1G' 51.4211 10.359 347 2.323 -0.0024723662084121 1 0 1 0
 '0219GF1G' 50.6451 11.3589 265 2.3768 -0.015166821112829 1 0 1 0
 '0220GF1G' 50.8788 12.0789 225 2.3592 -0.0090239341576974 1 0 1 0
 '0256GF1G' 48.14108 11.59009 533 2.3395 0.010285263353537 0 1 1 1
 '0257GF1G' 48.8742 12.5657 343 2.3503 0.014274321846154 1 0 1 0
 '0258GF1G' 48.53213 11.50607 448 2.3576 0.034912622336864 0 1 1 1
 '0259GF1G' 48.37127 10.89343 510 2.3379 0.016575074030342 0 1 1 1
 '0261GF1G' 48.5684 13.4433 373 2.3318 -0.00089341860826497 1 0 1 0
 '0264GF1G' 48.19513 12.35021 459 2.3398 0.01926493597168 0 1 1 1
 '0265GF1G' 48.4286 12.9327 386 2.3438 0.021412211964601 1 0 1 0
 '0266GF1G' 48.53973 12.16124 401 2.3451 0.020755514502105 0 1 1 1
 '0267GF1G' 49.889 10.8909 257 2.4164 0.0015264185181576 1 0 1 0
 '0272GF1G' 47.86756 12.10703 475 2.3463 -0.010125985982835 0 1 1 1
 '0273GF1G' 48.04201 10.49406 624 2.3382 0.029699014499335 0 1 1 1
 '0278GF1G' 48.93851 11.86376 477 2.3373 0.014475664800436 0 1 1 1
 '0279GF1G' 49.28257 11.44753 434 2.366 0.012052632096431 0 1 1 1
 '0280GF1G' 49.3256 12.1089 378 2.3596 0.002899624214765 1 0 1 0
 '0281GF1G' 49.5119 12.5455 682 2.2639 -0.00073098179773456 1 0 1 0
 '0282GF1G' 49.6904 11.6292 445 2.3544 0.0028615359683046 1 0 1 0
 '0284GF1G' 50.1038 11.4426 326 2.3818 7.4479126573213e-05 1 0 1 0
 '0285GF1G' 47.50926 11.14272 1780 2.0024 0.020284012480155 0 1 1 1
 '0287GF1G' 49.9539 9.1256 125 2.4325 -0.0037624736249695 1 0 1 0
 '0288GF1G' 49.9935 9.5732 176 2.4291 -0.016381668756024 1 0 1 0
 '0289GF1G' 50.04731 10.24263 235 2.4225 0.014086291708975 0 1 1 1
 '0296GF1G' 47.86674 12.64557 596 2.3059 -0.00032877906369899 0 1 1 1
 '0386GF1G' 49.1385 9.2183 186 2.4607 0.010695980489106 1 0 1 0
 '0396GF1G' 48.1001 9.7932 551 2.3675 0.032959903975048 1 0 1 0
 '0397GF1G' 48.0836 9.2239 597 2.3461 0.0058470118945841 1 0 1 0
 '0400GF1G' 48.5195 9.07839 333 2.4493 0.016316538380386 0 1 1 1
 '0403GF1G' 49.0049 8.3861 135 2.4841 0.028988372249362 1 0 1 0
 '0404GF1G' 48.4762 7.9432 174 2.4899 0.00078211075896784 1 0 1 0
 '0448GF1G' 50.0881 8.2267 193 2.3861 -0.0033759384124656 1 0 1 0
 '0450GF1G' 49.87497 8.65684 176 2.3977 0.0028568157351114 0 1 1 1
 '0457GF1G' 51.1829 10.05123 230 2.3633 0.0099003558716007 0 1 1 1
 '0459GF1G' 50.49933 9.1203 288 2.3605 -0.0022191930018827 0 1 1 1
 '0464GF1G' 50.5205 8.38154 236 2.3611 -0.0094103396031064 0 1 1 1
 '0513GF1G' 50.3293 7.24307 288 2.3786 0.00094807294583532 0 1 1 1
 '0526GF1G' 50.2101 6.4275 450 2.3554 0.0087057280214187 1 0 1 0
 '0528GF1G' 49.7049 7.6653 182 2.4086 0.0098987221994378 1 0 1 0
 '0529GF1G' 49.7474 8.1187 186 2.3872 -0.0060336961854279 1 0 1 0
 '0531GF1G' 49.9921 6.1948 512 2.3341 -0.017381039235533 1 0 1 0
 '0645GF1G' 53.23 7.4446 25 2.4234 -0.0023562535874357 1 0 1 0
 '0650GF1G' 51.52126 9.94752 182 2.3725 0.0074883552960903 0 1 1 1
 '0652GF1G' 51.9879 9.8047 106 2.3949 0.00049431329138461 1 0 1 0
 '0655GF1G' 53.1109 9.3968 42 2.4109 -0.012286896652942 1 0 1 0
 '0656GF1G' 53.1423 8.2022 29 2.4209 -0.0040929752481573 1 0 1 0
 '0658GF1G' 52.436 7.0774 38 2.4233 -0.0025648364269286 1 0 1 0
 '0659GF1G' 52.8488 8.039 57 2.4115 0.0040115677435573 1 0 1 0
 '0660GF1G' 53.2535 10.4117 34 2.4083 -0.0025019475518535 1 0 1 0
 '0661GF1G' 52.98518 9.8473 77 2.3914 -0.0031906777500335 0 1 1 1
 '0665GF1G' 52.67797 9.61554 43 2.4121 0.004161706319552 0 1 1 1
 '0666GF1G' 52.6434 9.2064 45 2.4142 0.0028184465596168 1 0 1 0
 '0668GF1G' 52.5225 8.1953 78 2.4188 0.022092955854289 1 0 1 0
 '0672GF1G' 52.2319 10.9994 155 2.3781 0.0066854183541154 1 0 1 0
 '0678GF1G' 52.7342 10.6121 94 2.394 -0.00065106168389839 1 0 1 0
 '0679GF1G' 53.09687 11.09845 27 2.4271 0.020579788697552 0 1 1 1
 '0680GF1G' 53.333 9.8713 113 2.3856 -0.0023117337509788 1 0 1 0
 '0681GF1G' 51.7505 9.391 113 2.3957 0.0053920143313833 1 0 1 0
 '0684GF1G' 52.5213 7.6774 58 2.4154 -0.012129028675425 1 0 1 0
 '0686GF1G' 52.31368 10.54822 97 2.3944 0.0094905117240311 0 1 1 1
 '0688GF1G' 52.4075 9.8015 81 2.3923 -0.010099682031695 1 0 1 0
 '0689GF1G' 52.679 8.8019 58 2.4151 0.0070560217655404 1 0 1 0
 '0787GF1G' 53.6626 13.8884 25 2.4261 0.009393596099859 1 0 1 0
 '0791GF1G' 53.5183 12.6807 83 2.4016 -0.0017315609142523 1 0 1 0
 '0793GF1G' 53.4203 11.843 71 2.4124 0.0054119966681445 1 0 1 0
 '0797GF1G' 53.32969 13.07214 80 2.4043 0.0062763342121355 0 1 1 1
 '0837GF1G' 53.41085 10.24807 12 2.4119 0.0096900707715268 0 1 1 1
 '0897GF1G' 52.58719 13.32488 78 2.3971 0.0038759774417207 0 1 1 1
 '0898GF1G' 52.4097 13.60219 65 2.4011 0.0087250888908974 0 1 1 1
 '0930GF1G' 49.21769 7.00863 235 2.4252 0.0079517204282773 0 1 1 1
 '0932GF1G' 49.47 7.1757 301 2.4026 0.0032501422256463 1 0 1 0
 '0934GF1G' 49.53878 6.88606 306 2.4025 -0.024047225376084 0 1 1 1
 '0995GF1G' 53.0768 8.8165 33 2.4178 0.0026369726147601 1 0 1 0
 '1271GF1G' 47.83816 11.14307 581 2.3113 0.0034573904463522 0 1 1 1
 '2576GF1G' 50.676 7.1588 81 2.4413 -0.0069685169586324 1 0 1 0
 '2578GF1G' 51.6648 6.6081 54 2.4337 0.014987470951107 1 0 1 0
 '2579GF1G' 51.2587 6.3922 60 2.4407 0.0051812791332675 1 0 1 0
 '2582GF1G' 51.4585 7.0161 172 2.4173 0.0076591590347204 1 0 1 0
 '2587GF1G' 51.955 7.6269 105 2.4165 -0.0082504357610738 1 0 1 0
 '2588GF1G' 51.3989 8.0749 254 2.3844 0.0071911172483023 1 0 1 0
 '2591GF1G' 50.7679 6.0884 217 2.3994 -0.009405657300285 1 0 1 0
 '2593GF1G' 52.2812 8.9121 77 2.4123 0.0089640948497043 1 0 1 0
 '0932GF1U' 49.47005 7.17571 301 2.4021 0.0047791384382276 0 1 1 1
 '0934GF1U' 49.53878 6.88606 306 2.4017 -0.024847225376084 0 1 1 1
 '0995GF1U' 53.07684 8.81647 33 2.4172 0.0022185171058058 0 1 1 1
 '1271GF1U' 47.83816 11.14307 581 2.3106 0.002757390446352 0 1 1 1
 '2576GF1U' 50.67599 7.15881 81 2.4445 0.0049610913646507 0 1 1 1
 '2578GF1U' 51.66483 6.60812 54 2.4352 0.016525178359554 0 1 1 1
 '2579GF1U' 51.25875 6.39223 60 2.4403 0.01153454555862 0 1 1 1
 '2582GF1U' 51.45849 7.01608 172 2.4187 0.017805623420785 0 1 1 1
 '2587GF1U' 51.95501 7.62686 105 2.4162 -0.0073953138905476 0 1 1 1
 '2588GF1U' 51.39887 8.07492 254 2.3836 0.010932597223862 0 1 1 1
 '2591GF1U' 50.76792 6.08842 217 2.4023 -0.0012939595117478 0 1 1 1
 '2593GF1U' 52.28125 8.9121 77 2.4093 0.011453148578402 0 1 1 1
 '2596GF1U' 51.20019 8.52381 691 2.2471 0.004335534294948 0 1 1 1
 '2597GF1U' 51.61131 8.89372 302 2.3443 0.002602860162169 0 1 1 1
 '2598GF1U' 52.02219 8.53434 137 2.3964 -0.0020593224606107 0 1 1 1
 '2602GF1U' 51.93278 8.8818 172 2.3887 0.010369648210855 0 1 1 1
 '2603GF1U' 51.17311 7.97283 324 2.3647 0.0375783232744 0 1 1 1
 '2616GF1U' 51.68032 7.81036 83 2.4271 0.0018901691980275 0 1 1 1
 '2622GF1U' 50.90236 8.03021 324 2.3524 0.016541863332915 0 1 1 1
 '2623GF1U' 51.76844 6.14217 61 2.4329 -0.0061578327113407 0 1 1 1
 '2624GF1U' 50.8676 7.05641 67 2.4391 0.0025928073364074 0 1 1 1
 '2625GF1U' 50.99546 5.92891 55 2.4364 -0.023865179866247 0 1 1 1
 '3599GF1U' 52.27717 7.43712 67 2.418 -0.0072118968390842 0 1 1 1
 '0663GF1U' 52.14934 9.90972 175 2.3773 0.0048907559431481 0 1 1 1
 '0929GF1U' 49.44344 6.64401 196 2.4384 -0.013933486183731 0 1 1 1
 '0931GF1U' 49.31367 6.74602 197 2.4347 -0.0025057707767249 0 1 1 1
 '0928GF1U' 49.32359 7.3362 260 2.4089 0.022935285483129 0 1 1 1
 '0453GF1U' 50.81505 8.77473 202 2.3755 -0.0035352140147804 0 1 1 1
 '0456GF1U' 50.86407 9.71154 218 2.3712 0.011564143490795 0 1 1 1
 '0512GF1U' 50.35829 7.56971 136 2.4029 0.0024419575406363 0 1 1 1
 'MOX2GF1U' 50.64223 11.61621 453 2.3199 0.001769590958367 0 1 1 1
 'MARQGF1U' 52.46693 12.95954 46 2.4151 0.015781051228641 0 1 1 1
 'COLMGF1U' 51.30859 13.00236 248 2.3523 0.012782108049759 0 1 1 1
 'MARBGF1U' 50.53315 8.68566 188 2.3838 -0.009957832496728 0 1 1 1
 'GJ03GF1U' 50.90842 6.41341 136 2.4478 0.041485495528224 0 1 1 1
 'UHOHGF1U' 48.71619 9.21348 412 2.4082 0.033731702501113 0 1 1 1
 'ZUGGGF1U' 47.42078 10.98461 2940 1.7347 0.022207720925302 0 1 1 1
 'TAD3GF1U' 52.42966 13.47382 70 2.4036 0.0094358709736428 0 1 1 1
 'NBUHGF1U' 50.4434 7.2502 289 2.3891 0.016223237569524 0 1 1 1
 'EWHRGF1U' 50.42152 7.21948 307 2.3861 0.014971255247451 0 1 1 1
 'EEMGGF1U' 50.34517 7.3486 216 2.3972 0.0072022846677848 0 1 1 1
 'EMDGGF1U' 50.38272 7.28767 236 2.4025 0.012886092551446 0 1 1 1
 'EMONGF1U' 50.48111 7.44256 323 2.3682 0.016345094202694 0 1 1 1
 'EANTGF1U' 50.43835 7.32315 234 2.3981 0.014451111029754 0 1 1 1
 'KRAWMR54' 50.06614 19.92047 227 2.3211 -0.029052314488644 0 1 1 1
 'AARSROBQ' 50.96331 4.83611 59 2.4475 -0.029025069276096 0 1 1 1
 'ADR2ROBQ' 52.17981 5.95983 45 2.4381 -0.026643967012345 0 1 1 1
 'AJACROBQ' 41.92747 8.76261 50 2.468 -0.029349568889812 0 1 1 1
 'ALDBROBQ' 52.15317 1.60283 12 2.4794 0.0054773301969093 0 1 1 1
 'AMSTROBQ' 52.38733 4.83564 44 2.468 -0.019613401699738 0 1 1 1
 'APELROBQ' 52.21192 5.96231 72 2.4308 -0.023842144584727 0 1 1 1
 'ARLOROBQ' 49.65203 5.81914 381 2.3657 -0.014460591409725 0 1 1 1
 'ARNHROBQ' 51.95264 5.87386 33 2.443 -0.030393538828847 0 1 1 1
 'ATTLROBQ' 52.51683 0.98814 36 2.4982 -0.00084522974002477 0 1 1 1
 'BATTROBQ' 50.63742 5.83403 276 2.3908 0.0016594128943583 0 1 1 1
 'BERLROBQ' 50.7007 5.18686 139 2.4209 -0.053914656938197 0 1 1 1
 'BERTROBQ' 50.8623 4.61242 55 2.4506 -0.013167180656114 0 1 1 1
 'BEZAROBQ' 51.30686 4.31558 21 2.4687 0.0020366491173762 0 1 1 1
 'BOXMROBQ' 51.64 5.98286 26 2.4291 -0.038802549416658 0 1 1 1
 'BRCTROBQ' 51.35347 4.62814 33 2.4581 -0.017357980692989 0 1 1 1
 'BRD2ROBQ' 51.56339 4.74639 11 2.4802 -0.001046139611153 0 1 1 1
 'BRGGROBQ' 51.19067 3.20022 25 2.481 -0.0086647386076635 0 1 1 1
 'BRMFROBQ' 45.72608 4.93839 207 2.3745 0.015482595124367 0 1 1 1
 'BRUXROBQ' 50.79806 4.35856 113 2.4229 -0.042406209810431 0 1 1 1
 'BSCNROBQ' 47.24689 5.98939 310 2.3531 -0.020731303307107 0 1 1 1
 'CBW1ROBQ' 51.96955 4.92619 2 2.4689 -0.016535461691643 0 1 1 1
 'DELFROBQ' 51.98611 4.38758 31 2.479 -0.030420389366289 0 1 1 1
 'DENTROBQ' 50.93372 3.39967 20 2.4774 -0.023589386799179 0 1 1 1
 'DLF1ROBQ' 51.98603 4.38747 32 2.4794 -0.029694927436786 0 1 1 1
 'DOURROBQ' 50.09489 4.59494 237 2.376 -0.056774820833293 0 1 1 1
 'DZYLROBQ' 53.32006 6.94044 16 2.4404 -0.010391652205515 0 1 1 1
 'EBRGROBQ' 52.0675 6.65686 30 2.4249 -0.019265804104663 0 1 1 1
 'ECH2ROBQ' 49.80305 6.44311 252 2.4037 -0.03843181000674 0 1 1 1
 'EEKLROBQ' 51.18992 3.56469 25 2.4809 0.0090572061029475 0 1 1 1
 'EHVNROBQ' 51.43358 5.46581 41 2.4529 -0.012043931792677 0 1 1 1
 'EIJSROBQ' 50.75825 5.68361 58 2.4424 -0.0043489839699258 0 1 1 1
 'EPL1ROBQ' 51.99792 3.27506 21 2.4813 -0.017719056554628 0 1 1 1
 'ERPXROBQ' 50.92253 3.96925 37 2.4639 -0.0089091683995441 0 1 1 1
 'FFMJROBQ' 50.09058 8.66497 130 2.3919 -0.017920924936392 0 1 1 1
 'FOVAROBQ' 50.32083 4.21644 126 2.4161 -0.0336074593575 0 1 1 1
 'GBGNROBQ' 50.76861 3.86953 41 2.4714 0.0039814106020262 0 1 1 1
 'GENBROBQ' 51.0088 3.70917 15 2.479 0.0019108797066081 0 1 1 1
 'GHISROBQ' 50.45367 3.88306 35 2.4713 -0.033088613589629 0 1 1 1
 'GOPEROBQ' 49.91369 14.78564 548 2.2583 -0.0071622827364544 0 1 1 1
 'GORSROBQ' 52.57556 1.73194 7 2.5046 -0.003843131436529 0 1 1 1
 'GRACROBQ' 43.7545 6.92078 1269 2.1363 -0.039872858577347 0 1 1 1
 'GRASROBQ' 43.75475 6.92058 1268 2.1381 -0.038485872790638 0 1 1 1
 'GRAZROBQ' 47.06714 15.49347 493 2.2927 -0.0021432654186007 0 1 1 1
 'HEREROBQ' 51.18631 4.84033 29 2.461 -0.022440203489347 0 1 1 1
 'HHO2ROBQ' 51.97755 4.11978 9 2.4792 -0.014970289453275 0 1 1 1
 'HKNOROBQ' 52.69758 4.29344 42 2.4681 -0.018939992778298 0 1 1 1
 'HKWAROBQ' 52.67958 3.80453 42 2.4763 -0.029464862919167 0 1 1 1
 'HOEGROBQ' 50.77858 4.90044 52 2.4466 -0.017755031462893 0 1 1 1
 'HOOGROBQ' 52.749 6.57314 17 2.4336 -0.019702667995214 0 1 1 1
 'HOUTROBQ' 51.01769 5.37422 58 2.4154 -0.036813800369338 0 1 1 1
 'IEPEROBQ' 50.84897 2.85906 30 2.4825 -0.013345934083084 0 1 1 1
 'IJMUROBQ' 52.46197 4.55606 11 2.4835 -0.01270886803776 0 1 1 1
 'JOURROBQ' 52.96153 5.81308 8 2.4489 -0.014411564922015 0 1 1 1
 'KAINROBQ' 50.62861 3.37172 21 2.4892 -0.0076415028276995 0 1 1 1
 'KARLROBQ' 49.01125 8.41128 135 2.473 0.02264318836834 0 1 1 1
 'KERKROBQ' 50.85186 6.00669 189 2.3975 -0.0038244397423179 0 1 1 1
 'KOS1ROBQ' 52.17336 5.81822 61 2.429 -0.039084962683633 0 1 1 1
 'LEEUROBQ' 50.75392 4.25417 45 2.4506 -0.039898250952667 0 1 1 1
 'LEIJROBQ' 51.35397 12.37411 135 2.3788 -0.00052646970999737 0 1 1 1
 'LELYROBQ' 52.50461 5.42106 9 2.4349 -0.046454001923981 0 1 1 1
 'LITHROBQ' 51.80831 5.45372 19 2.4523 -0.0058035164172821 0 1 1 1
 'LWRDROBQ' 53.19689 5.78714 31 2.4462 0.0058306632580787 0 1 1 1
 'M0SEROBQ' 41.89311 12.49325 72 2.4761 0.027684825030381 0 1 1 1
 'MAASROBQ' 51.1058 5.75067 43 2.4358 -0.004821211115233 0 1 1 1
 'MABOROBQ' 50.07464 5.73928 446 2.3332 -0.0028917831078012 0 1 1 1
 'MARIROBQ' 50.08997 4.51061 164 2.4006 -0.041507830328678 0 1 1 1
 'MARSROBQ' 43.27878 5.35381 12 2.4735 0.00022970355297058 0 1 1 1
 'MAR1ROBQ' 51.39169 1.38289 13 2.4231 -0.028957384377028 0 1 1 1
 'MECHROBQ' 51.00311 4.47025 23 2.4657 -0.041486201030563 0 1 1 1
 'MEDIROBQ' 44.51997 11.64683 10 2.5444 -0.02065929661788 0 1 1 1
 'MEIXROBQ' 49.62403 5.44408 322 2.3782 -0.0010219582804654 0 1 1 1
 'MENEROBQ' 50.78086 3.10069 18 2.4836 -0.011883121205158 0 1 1 1
 'MOHAROBQ' 50.54031 5.192 134 2.4222 -0.021356136799091 0 1 1 1
 'MOL1ROBQ' 51.18256 5.11706 39 2.4603 -0.0019790493596461 0 1 1 1
 'MSTRROBQ' 50.84483 5.70264 69 2.4377 -0.0055004632698883 0 1 1 1
 'NAMRROBQ' 50.46953 4.86064 113 2.4246 -0.030747136721397 0 1 1 1
 'NIKLROBQ' 51.14103 4.15092 34 2.4707 -0.0087348794157687 0 1 1 1
 'NIVLROBQ' 50.5853 4.30475 140 2.4253 -0.033478174640693 0 1 1 1
 'OBE4ROBQ' 48.0848 11.27786 604 2.3224 0.00060995924849783 0 1 1 1
 'OLDEROBQ' 52.30914 6.89439 39 2.4178 -0.014006934460071 0 1 1 1
 'OLLNROBQ' 50.67739 4.62783 143 2.4195 -0.030379023730503 0 1 1 1
 'ONHAROBQ' 50.24533 4.84506 247 2.39 -0.033148718611014 0 1 1 1
 'OSTIROBQ' 50.67847 3.80203 45 2.4678 -0.0093177091909622 0 1 1 1
 'POTSROBQ' 52.37931 13.06608 104 2.3805 -0.00066711029056821 0 1 1 1
 'RDAMROBQ' 51.9528 4.55931 39 2.4653 -0.020969610018615 0 1 1 1
 'RIL2ROBQ' 51.44811 4.23053 24 2.4751 0.0086664208884804 0 1 1 1
 'ROE2ROBQ' 51.1748 5.99914 35 2.4348 -0.013153646370453 0 1 1 1
 'SASGROBQ' 51.22942 3.809 25 2.4801 -0.0077237500945992 0 1 1 1
 'SBG2ROBQ' 47.80342 13.11044 1278 2.0853 -0.011096788625133 0 1 1 1
 'SDYKROBQ' 51.74864 3.82606 15 2.4847 -0.012047502513854 0 1 1 1
 'TAPLROBQ' 52.879 7.09856 21 2.4234 -0.0034655450780519 0 1 1 1
 'TELLROBQ' 50.05156 5.20958 405 2.3379 -0.010480232915382 0 1 1 1
 'TGRNROBQ' 50.77056 5.47786 101 2.4268 -0.015081448218913 0 1 1 1
 'TILMROBQ' 50.58261 5.56658 256 2.3791 -0.0092351037228378 0 1 1 1
 'TIT2ROBQ' 51.03522 6.43158 110 2.4331 0.026117567274799 0 1 1 1
 'TRF2ROBQ' 47.92797 15.85892 1046 2.1298 0.0067222642578355 0 1 1 1
 'TROSROBQ' 50.12675 6.00731 490 2.3278 -0.017214482799191 0 1 1 1
 'TURNROBQ' 51.31289 4.94911 37 2.4516 -0.014409243078782 0 1 1 1
 'TXE2ROBQ' 53.04108 4.85119 9 2.468 -0.027249342115049 0 1 1 1
 'UTR2ROBQ' 52.06264 5.09311 19 2.4506 -0.02785464023358 0 1 1 1
 'VEURROBQ' 51.07075 2.66772 15 2.4806 -0.039316084626467 0 1 1 1
 'VITHROBQ' 50.31658 6.08533 559 2.2975 -0.014263739977291 0 1 1 1
 'VLISROBQ' 51.44289 3.59733 10 2.4849 -0.011822211368676 0 1 1 1
 'VOERROBQ' 50.75747 5.71033 73 2.4405 8.4583766633006e-05 0 1 1 1
 'WAREROBQ' 50.68989 5.24531 142 2.4076 -0.044837718939955 0 1 1 1
 'WERBROBQ' 50.38225 5.67689 443 2.3306 -0.022586988289698 0 1 1 1
 'WIL2ROBQ' 51.68245 4.39769 10 2.4863 0.0057801554310037 0 1 1 1
 'WSRTROBQ' 52.91461 6.6045 41 2.4284 -0.013577649868924 0 1 1 1
 'WTZRROBQ' 49.1442 12.87892 619 2.2653 0.013154771588578 0 1 1 1
 'ZEEBROBQ' 51.33586 3.20822 16 2.4899 -0.0075490586965152 0 1 1 1
 'ZELZROBQ' 51.19244 3.80525 19 2.4777 -0.016054178706563 0 1 1 1
 'ZIM2ROBQ' 46.87708 7.46503 907 2.238 0.0031233832632491 0 1 1 1
 'ZWEVROBQ' 50.82306 3.34564 31 2.4778 -0.016761172567944 0 1 1 1
 'ZWO2ROBQ' 52.50281 6.09336 23 2.4256 -0.034691278134239 0 1 1 1
 'GANPWUHN' 49.035 20.323 712 2.222 0.0081406721990551 0 1 1 1
 'MARSWUHN' 43.279 5.354 17 2.4865 0.015123523235169 0 1 1 1
 'AFY0AUT1' 40.10108 23.43433 73 2.4809 0.031934156642815 0 1 1 1
 'AUT1AUT1' 40.56683 23.00372 108 2.4375 0.010990499412556 0 1 1 1
 'FLOGAUT1' 40.77989 21.40172 673 2.2796 0.011745888096247 0 1 1 1
 'GREVAUT1' 40.08467 21.43814 531 2.3185 0.011957320582705 0 1 1 1
 'ISTIAUT1' 38.95603 23.15189 46 2.4848 0.035997048047916 0 1 1 1
 'KARPAUT1' 38.91186 21.80292 936 2.221 0.018609561004674 0 1 1 1
 'KASTAUT1' 40.52308 21.26319 649 2.2813 0.011677127635831 0 1 1 1
 'KATEAUT1' 40.27008 22.52125 42 2.4669 0.0029541706926706 0 1 1 1
 'KRDIAUT1' 39.3665 21.92264 122 2.4499 0.013128124102667 0 1 1 1
 'LAMGAUT1' 38.89819 22.43222 109 2.4692 0.019249756795332 0 1 1 1
 'MURGAUT1' 39.73872 21.55422 273 2.4023 0.028273735794427 0 1 1 1
 'PAXOAUT1' 39.21081 20.16394 141 2.4102 0.0048987849441038 0 1 1 1
 'PROVAUT1' 41.06844 23.38697 23 2.4786 0.022797395690734 0 1 1 1
 'PTOLAUT1' 40.51139 21.67814 626 2.2804 0.00014623090390886 0 1 1 1
 'SNDAAUT1' 41.56122 23.277 246 2.417 0.04948939605261 0 1 1 1
 'THS1AUT1' 40.62747 22.95936 51 2.4509 0.012984831574468 0 1 1 1
 'VERGAUT1' 40.52283 22.20442 157 2.4317 0.032059882608637 0 1 1 1
 'VOL1AUT1' 39.36717 22.92267 33 2.4833 0.038894210019127 0 1 1 1
 'VONIAUT1' 38.91333 20.88683 12 2.4659 -0.0076691199590275 0 1 1 1
 'ZIMMAUT1' 46.87711 7.46528 908 2.2452 0.010635706474025 0 1 1 1
 'BOR1GOP1' 52.27697 17.07347 89 2.4141 0.0036192626657532 0 1 1 1
 'BUTEGOP1' 47.48095 19.05653 137 2.3939 0.0053799619828547 0 1 1 1
 'CBUDGOP1' 48.96764 14.47528 410 2.3141 0.011051161769635 0 1 1 1
 'CDOMGOP1' 49.4459 12.9241 472 2.3106 0.00018231385140366 1 0 1 0
 'CFRMGOP1' 49.68481 18.35319 331 2.3269 0.0096104606795002 0 1 1 1
 'CHODGOP1' 48.8496 17.1291 185 2.3648 -0.0052537467186249 1 0 1 0
 'CJESGOP1' 50.2328 17.2082 452 2.2931 -0.025377062229035 1 0 1 0
 'CJIHGOP1' 49.3935 15.5864 531 2.2756 -0.010558643171914 1 0 1 0
 'CKROGOP1' 49.2975 17.4001 215 2.3675 0.00076283383681819 1 0 1 0
 'CKVAGOP1' 50.2326 12.8419 400 2.3167 -0.01202696392154 1 0 1 0
 'CLIBGOP1' 50.77169 15.05989 405 2.3083 0.003250015304344 0 1 1 1
 'CLITGOP1' 50.5403 14.1402 199 2.3705 0.0018456825118109 1 0 1 0
 'CMBOGOP1' 50.4129 14.906 260 2.3472 -0.013420049862232 1 0 1 0
 'CPARGOP1' 50.03955 15.78325 239 2.3502 0.010447890005489 0 1 1 1
 'CPRAGOP1' 49.0143 13.9959 599 2.275 0.0048262441273081 1 0 1 0
 'CPRGGOP1' 50.1252 14.4561 311 2.3367 -0.004904993724784 1 0 1 0
 'CPRIGOP1' 49.6878 13.9983 537 2.285 0.002940151361825 1 0 1 0
 'CRAKGOP1' 50.10239 13.72925 336 2.3328 0.0078991062665383 0 1 1 1
 'CSUMGOP1' 49.9648 16.981 334 2.3473 -0.015140503982008 1 0 1 0
 'CSVIGOP1' 49.7578 16.4713 454 2.2966 0.00029400125230916 1 0 1 0
 'CTABGOP1' 49.40981 14.68022 451 2.3066 0.01346480974466 0 1 1 1
 'CTRUGOP1' 50.5626 15.9084 435 2.3043 -0.0095817703591239 1 0 1 0
 'CVSEGOP1' 49.338 17.991 364 2.3308 -0.0021032683377014 1 0 1 0
 'CZNOGOP1' 48.864 16.0392 328 2.3265 -0.011740949066544 1 0 1 0
 'GOPEGOP1' 49.91369 14.78564 548 2.2679 0.0024377172635455 0 1 1 1
 'GRAZGOP1' 47.06714 15.4935 493 2.3098 0.014957128385738 0 1 1 1
 'JOZEGOP1' 52.09728 21.03156 110 2.4208 0.010354733941296 0 1 1 1
 'KATOGOP1' 50.25328 19.03564 292 2.3393 0.010977539399433 0 1 1 1
 'KUNZGOP1' 49.10731 15.20094 656 2.2444 0.0072414621263288 0 1 1 1
 'LYSHGOP1' 49.5462 18.4476 1332 2.0554 0.012943241816529 1 0 1 0
 'M0SEGOP1' 41.89311 12.49325 72 2.4832 0.034784825030381 0 1 1 1
 'MATEGOP1' 40.64914 16.70447 490 2.3243 0.0030179997351536 0 1 1 1
 'MEDIGOP1' 44.51997 11.64683 10 2.5508 -0.01425929661788 0 1 1 1
 'ORIDGOP1' 41.12731 20.79406 731 2.259 -0.0025943783449258 0 1 1 1
 'OROSGOP1' 46.55522 20.67136 103 2.389 0.019460780968153 0 1 1 1
 'PENCGOP1' 47.78961 19.28153 248 2.3491 0.0087855276924311 0 1 1 1
 'POTSGOP1' 52.37931 13.06608 104 2.3913 0.010132889709432 0 1 1 1
 'PUYVGOP1' 45.04361 3.87889 657 2.2788 -0.0055594967732744 0 1 1 1
 'SULPGOP1' 49.83558 24.0145 344 2.3079 0.0039492707093345 0 1 1 1
 'TBENGOP1' 49.7791 14.6821 370 2.3225 -0.00077743177726886 1 0 1 0
 'TCBUGOP1' 48.976 14.4927 403 2.3176 -0.00019621363636491 1 0 1 0
 'TCHMGOP1' 50.4573 13.4015 361 2.3248 -0.012718249959923 1 0 1 0
 'TJESGOP1' 49.61492 17.90442 272 2.3374 0.00018446243542947 0 1 1 1
 'TKRNGOP1' 50.0916 17.6837 332 2.3321 -0.0028799601680904 1 0 1 0
 'TMILGOP1' 49.4407 14.3779 460 2.3063 0.0020248262735163 1 0 1 0
 'TMLAGOP1' 49.82508 16.58853 423 2.3037 0.013195166923621 0 1 1 1
 'TNYMGOP1' 50.1916 15.0595 204 2.3577 -0.0089120220933991 1 0 1 0
 'TPLAGOP1' 49.86245 12.7295 495 2.2965 0.0085455867318869 0 1 1 1
 'TPR2GOP1' 49.47036 17.11153 237 2.3539 0.0070488720823723 0 1 1 1
 'TPRAGOP1' 50.11808 14.46361 249 2.3513 0.00024153048531295 0 1 1 1
 'TRATGOP1' 48.92433 17.16081 222 2.3564 0.00252285069267 0 1 1 1
 'TRNKGOP1' 50.16628 16.27089 326 2.3429 0.0038907299822806 0 1 1 1
 'TSUSGOP1' 49.2462 13.5392 470 2.3063 0.00048952803838098 1 0 1 0
 'TTREGOP1' 49.20406 15.87867 483 2.2922 0.011446375793452 0 1 1 1
 'TTURGOP1' 50.5885 15.13597 267 2.3479 0.0063332096661388 0 1 1 1
 'TUBOGOP1' 49.20589 16.59283 280 2.3528 0.0074517364995521 0 1 1 1
 'TUPIGOP1' 50.50714 16.01094 425 2.3094 0.0060300924559358 0 1 1 1
 'TVIDGOP1' 50.37294 17.18544 249 2.3575 -0.00051421646358252 0 1 1 1
 'TZD2GOP1' 49.56 15.9437 599 2.2617 -0.0068498328098983 1 0 1 0
 'TZNOGOP1' 48.86514 16.04828 296 2.3352 0.0051787390948022 0 1 1 1
 'VSBOGOP1' 49.8335 18.1638 298 2.3304 -0.0049449781688353 1 0 1 0
 'WROCGOP1' 51.1132 17.0621 141 2.3883 -0.0075236882345617 1 0 1 0
 'WTZRGOP1' 49.1442 12.87892 619 2.2732 0.021054771588579 0 1 1 1
 'ZYWIGOP1' 49.6867 19.20597 371 2.3147 0.013467826859092 0 1 1 1
 'GOPEGOPG' 49.91369 14.78564 548 2.2679 0.0024377172635455 0 1 1 1
 'JOZ2GOPG' 52.09783 21.03236 121 2.4181 0.011273004592264 0 1 1 1
 'MATEGOPG' 40.64914 16.70447 490 2.3286 0.0073179997351533 0 1 1 1
 'POTSGOPG' 52.37931 13.06608 104 2.3925 0.011332889709432 0 1 1 1
 'WTZRGOPG' 49.1442 12.87892 619 2.2746 0.022454771588579 0 1 1 1
 'AGDEIGE2' 43.29639 3.46643 16 2.454 -0.011721264295806 0 1 1 1
 'AXPVIGE2' 43.49122 5.3332 180 2.409 0.0013121574630448 0 1 1 1
 'BADHIGE2' 50.22798 8.60986 213 2.3781 -0.0092308600648074 0 1 1 1
 'DOURIGE2' 50.09488 4.59496 237 2.3788 -0.053979080993425 0 1 1 1
 'FRNEIGE2' 41.64485 13.30093 183 2.4377 0.0137826707746 0 1 1 1
 'IGMIIGE2' 43.79565 11.21381 49 2.4725 0.01461509027276 0 1 1 1
 'LDB2IGE2' 52.20913 14.12093 120 2.3627 0.0029491832172734 0 1 1 1
 'MOPSIGE2' 44.62936 10.9492 53 2.5364 -0.0069667491552403 0 1 1 1
 'PRATIGE2' 43.88557 11.09913 75 2.4753 0.014664396598553 0 1 1 1
 'PZNAIGE2' 43.44775 3.41335 30 2.4657 0.0027515522304955 0 1 1 1
 'SARTIGE2' 39.49012 9.24543 603 2.316 -0.00027817284498344 0 1 1 1
 'ZIM2IGE2' 46.8771 7.46504 908 2.2392 0.0046357966373551 0 1 1 1
 'AIGELPT_' 46.24778 6.12827 424 2.3653 0.006653539907 0 1 1 1
 'AJACLPT_' 41.92746 8.76262 49 2.4737 -0.024014531184854 0 1 1 1
 'ARD2LPT_' 46.77639 10.20476 1497 2.0844 0.0016864545779312 0 1 1 1
 'ARDELPT_' 46.7764 10.2047 1497 2.0905 -0.0064117997240278 1 0 1 0
 'AUTNLPT_' 46.95384 4.28898 305 2.3874 0.0053201460653725 0 1 1 1
 'AXPVLPT_' 43.49122 5.3332 180 2.4152 0.007512157463045 0 1 1 1
 'BADHLPT_' 50.22798 8.60986 213 2.3816 -0.0057308600648072 0 1 1 1
 'BCKLLPT_' 47.5168 8.8252 591 2.3614 0.010146717146512 1 0 1 0
 'BLG2LPT_' 46.17178 5.5741 495 2.2947 -0.03764420556249 0 1 1 1
 'BOR1LPT_' 52.27696 17.07346 89 2.4143 0.0038196554017933 0 1 1 1
 'BORMLPT_' 46.46819 10.36398 1213 2.1685 0.023744852327985 0 1 1 1
 'BOU2LPT_' 47.39406 7.23045 893 2.2684 0.01141580780165 0 1 1 1
 'BOURLPT_' 47.39414 7.2306 891 2.2678 0.010086051665619 0 1 1 1
 'BRMFLPT_' 45.7261 4.9384 207 2.3868 0.017154024563909 1 0 1 0
 'BRUXLPT_' 50.79807 4.35857 113 2.4481 -0.017206022827599 0 1 1 1
 'BSCNLPT_' 47.24688 5.98939 311 2.3661 -0.0073962327687833 0 1 1 1
 'BYDGLPT_' 53.1346 17.9936 74 2.4267 -0.0082360575597891 1 0 1 0
 'BZBGLPT_' 47.50473 8.16604 547 2.3675 0.020196965406518 0 1 1 1
 'BZR2LPT_' 46.4958 11.3382 282 2.4374 -0.0031472467742981 1 0 1 0
 'CAG1LPT_' 39.228 9.1101 88 2.461 0.010711406018823 1 0 1 0
 'CBRYLPT_' 45.58129 5.90922 275 2.3968 -0.032786154943276 0 1 1 1
 'CBW1LPT_' 51.96955 4.92619 2 2.4856 0.00016453830835639 0 1 1 1
 'CERNLPT_' 46.2569 6.0606 476 2.3726 0.01588997403309 1 0 1 0
 'COMOLPT_' 45.80217 9.09563 247 2.4669 -0.021759414455293 0 1 1 1
 'DAV2LPT_' 46.81303 9.84367 1596 2.0637 0.0073728067761016 0 1 1 1
 'DAVOLPT_' 46.81292 9.84352 1597 2.0687 0.012622886182195 0 1 1 1
 'DELFLPT_' 51.98612 4.38759 31 2.4936 -0.015820093634382 0 1 1 1
 'DENTLPT_' 50.93371 3.39968 20 2.497 -0.0039885215744397 0 1 1 1
 'DLF1LPT_' 51.98602 4.38747 32 2.4946 -0.014494229750155 0 1 1 1
 'DOMBLPT_' 46.119 8.2863 315 2.4544 -0.047377957430369 1 0 1 0
 'DOURLPT_' 50.0949 4.595 237 2.3974 -0.038161297079778 1 0 1 0
 'EIJSLPT_' 50.75824 5.68362 57 2.4534 0.0063150197443114 0 1 1 1
 'ENTZLPT_' 48.54936 7.63991 156 2.4757 -0.0094439400486075 0 1 1 1
 'EPFLLPT_' 46.52148 6.56795 409 2.3645 -0.022007570418663 0 1 1 1
 'ERDELPT_' 46.2349 7.2899 731 2.2923 -0.012300196340749 1 0 1 0
 'ETH2LPT_' 47.40718 8.51062 548 2.362 0.021451269740313 0 1 1 1
 'ETHZLPT_' 47.40707 8.51054 548 2.362 0.021449284526133 0 1 1 1
 'EUSKLPT_' 50.67413 6.76354 198 2.4413 0.034540803283108 0 1 1 1
 'FALELPT_' 46.8045 9.2303 1296 2.1437 0.010202538390668 0 1 1 1
 'FHNWLPT_' 47.53464 7.64191 347 2.4414 0.032674655966772 0 1 1 1
 'FLDKLPT_' 47.2313 9.5806 524 2.3803 0.015826079901816 1 0 1 0
 'FRI3LPT_' 47.52743 8.11162 679 2.3361 0.033209047259049 0 1 1 1
 'FRICLPT_' 47.52743 8.11191 678 2.3312 0.027968236246631 0 1 1 1
 'GENOLPT_' 44.41939 8.92115 111 2.5162 0.0085932322695341 0 1 1 1
 'GOESLPT_' 47.86253 8.30628 905 2.2382 -0.020875040213723 0 1 1 1
 'GOP6LPT_' 49.91367 14.78561 547 2.2677 0.0019503973429162 0 1 1 1
 'GOP7LPT_' 49.91367 14.78561 547 2.2681 0.0023503973429162 0 1 1 1
 'GOPELPT_' 49.91371 14.78563 548 2.2676 0.0021368140751696 0 1 1 1
 'GRACLPT_' 43.75449 6.92077 1270 2.1459 -0.029970989052137 0 1 1 1
 'GRASLPT_' 43.75474 6.92058 1269 2.1436 -0.032680669316814 0 1 1 1
 'GRAZLPT_' 47.0671 15.4935 493 2.3031 -0.0016340644322854 1 0 1 0
 'GSR1LPT_' 46.04814 14.54372 305 2.4257 -0.0022583493600541 0 1 1 1
 'GWWLLPT_' 52.738 15.2052 91 2.4034 0.015038318125584 1 0 1 0
 'HABGLPT_' 46.74746 8.18278 1098 2.2114 -0.0077887816734057 0 1 1 1
 'HGGLLPT_' 47.3911 8.2593 523 2.3666 0.020539757771247 1 0 1 0
 'HOBULPT_' 53.05064 10.47631 111 2.3927 0.009449213313117 0 1 1 1
 'HOH2LPT_' 46.3194 7.76277 934 2.2279 -0.0058520985665904 0 1 1 1
 'HOHTLPT_' 46.31941 7.76271 934 2.2309 -0.002861895710093 0 1 1 1
 'HUTTLPT_' 47.1411 7.8349 731 2.2945 0.013850984652322 1 0 1 0
 'ISLDLPT_' 47.45376 6.58886 299 2.3951 -0.022987002171092 0 1 1 1
 'JOZ2LPT_' 52.0978 21.0324 121 2.4177 0.0058787561728044 1 0 1 0
 'JOZELPT_' 52.09728 21.03155 110 2.4268 0.016354011900544 0 1 1 1
 'KALTLPT_' 47.21797 9.00842 430 2.4085 0.011619986561391 0 1 1 1
 'KARLLPT_' 49.01125 8.41126 135 2.4864 0.03604318138314 0 1 1 1
 'KOPSLPT_' 46.97395 10.11544 1858 1.9969 -0.0011434127853742 0 1 1 1
 'KOS1LPT_' 52.1734 5.8182 62 2.4456 -0.030085011409661 1 0 1 0
 'KRBGLPT_' 47.14623 10.62683 2209 1.8754 -0.021187571591106 0 1 1 1
 'KREBLPT_' 46.13834 7.96429 2412 1.8517 -0.018101776632519 0 1 1 1
 'KREULPT_' 47.6413 9.16005 483 2.3908 0.016448842423998 0 1 1 1
 'LDB2LPT_' 52.20913 14.12093 120 2.3753 0.015549183217274 0 1 1 1
 'LECHLPT_' 47.22406 10.13908 1775 2.0172 4.552023879123e-05 0 1 1 1
 'LIL2LPT_' 50.61351 3.13596 51 2.4854 0.012798899249364 0 1 1 1
 'LINZLPT_' 48.30978 14.28307 289 2.3505 0.0086378577447066 0 1 1 1
 'LND2LPT_' 47.56823 9.72236 502 2.3885 0.0074259184968999 0 1 1 1
 'LODZLPT_' 51.7787 19.4595 226 2.3585 -0.015972168981377 1 0 1 0
 'LOMOLPT_' 46.1726 8.7874 389 2.4279 -0.030430760915833 1 0 1 0
 'LONSLPT_' 46.67846 5.55702 276 2.3684 0.0067580896354005 0 1 1 1
 'LUCELPT_' 47.43835 7.2682 692 2.3182 -0.017318627212787 0 1 1 1
 'LUZELPT_' 47.06821 8.30065 494 2.3805 0.011073154559987 0 1 1 1
 'M0SELPT_' 41.89312 12.49326 72 2.4741 0.02568350406495 0 1 1 1
 'MABZLPT_' 46.68599 10.55105 1042 2.2343 0.053447472978718 0 1 1 1
 'MAR2LPT_' 46.12216 7.0707 593 2.327 -0.017400863638646 0 1 1 1
 'MAR4LPT_' 46.1222 7.0707 594 2.3269 -0.025690921235244 1 0 1 0
 'MARGLPT_' 46.0844 6.5107 474 2.364 -0.037711827666165 1 0 1 0
 'MARSLPT_' 43.27877 5.35379 13 2.4772 0.0043125828111981 0 1 1 1
 'MAT1LPT_' 40.64907 16.70455 489 2.3267 0.0051103419840373 0 1 1 1
 'MATELPT_' 40.64914 16.70447 490 2.3269 0.0056179997351538 0 1 1 1
 'MATGLPT_' 40.64902 16.70465 490 2.3227 0.001419647275632 0 1 1 1
 'MEDILPT_' 44.51996 11.64682 10 2.5491 -0.015959776122382 0 1 1 1
 'MICHLPT_' 43.92416 5.71736 577 2.3179 -0.0005661287132317 0 1 1 1
 'MLVLLPT_' 48.8411 2.5873 116 2.4511 -0.015371887044379 1 0 1 0
 'MODALPT_' 45.21378 6.71009 1129 2.1787 -0.010015269624093 0 1 1 1
 'MRGTLPT_' 47.2711 7.8679 510 2.3749 0.026019571668412 1 0 1 0
 'MTTILPT_' 47.36763 7.16775 521 2.374 0.026788113843957 0 1 1 1
 'NEUCLPT_' 46.9938 6.9405 455 2.379 -0.0063973173949208 1 0 1 0
 'OALPLPT_' 46.6601 8.6737 2090 1.9397 0.0012706178398596 1 0 1 0
 'OBE4LPT_' 48.0848 11.2779 605 2.3327 0.0031885003243146 1 0 1 0
 'PAYELPT_' 46.8121 6.9439 499 2.3457 -0.01117870952113 1 0 1 0
 'PENCLPT_' 47.7896 19.28153 248 2.3478 0.0074856265973891 0 1 1 1
 'PFA3LPT_' 47.51532 9.78467 1044 2.2208 0.017591667847432 0 1 1 1
 'POTSLPT_' 52.3793 13.0661 104 2.3879 0.006732609338362 0 1 1 1
 'PRNYLPT_' 46.9049 6.3383 833 2.2469 0.00061253344426815 1 0 1 0
 'PTBBLPT_' 52.29619 10.45975 87 2.4005 0.014611906203144 0 1 1 1
 'PUYVLPT_' 45.0436 3.8789 657 2.2869 -0.0068771274367632 1 0 1 0
 'REDULPT_' 50.0015 5.1449 323 2.3757 -0.0086533418098109 1 0 1 0
 'SAA2LPT_' 46.5155 7.3013 1370 2.1265 -0.025415880219222 1 0 1 0
 'SAANLPT_' 46.51558 7.3013 1370 2.1262 -0.020005279019464 0 1 1 1
 'SAM2LPT_' 46.5262 9.8794 1712 2.0357 -0.0034229714402616 1 0 1 0
 'SANBLPT_' 46.46383 9.18455 1653 2.0722 0.0036576183932908 0 1 1 1
 'SANELPT_' 46.3612 7.2964 2027 1.9419 -0.056573871241855 1 0 1 0
 'SAR2LPT_' 46.9827 9.5074 1218 2.1716 0.007189977503125 1 0 1 0
 'SBG2LPT_' 47.80342 13.11044 1278 2.0935 -0.0028967886251325 0 1 1 1
 'SCHALPT_' 47.73757 8.65585 590 2.3464 -0.0073452609549154 0 1 1 1
 'SIGMLPT_' 48.08359 9.22392 598 2.346 0.0094321007592928 0 1 1 1
 'SLTBLPT_' 47.4554 7.7112 487 2.4098 0.04523692356208 1 0 1 0
 'SONPLPT_' 46.16983 9.87195 322 2.4547 0.034685477575489 0 1 1 1
 'STA2LPT_' 45.85583 8.9417 371 2.422 -0.019255116217462 0 1 1 1
 'STABLPT_' 45.85586 8.94164 371 2.4224 -0.018853676018599 0 1 1 1
 'STCXLPT_' 46.82239 6.50118 1105 2.2016 -0.032711572818432 0 1 1 1
 'STDLLPT_' 47.5409 8.4951 463 2.3982 0.028484642875457 1 0 1 0
 'STGALPT_' 47.44177 9.34596 707 2.327 0.023403449602884 0 1 1 1
 'THYNLPT_' 47.75152 8.73304 547 2.3644 -0.0010731846646346 0 1 1 1
 'TRF2LPT_' 47.92797 15.85892 1046 2.1386 0.015522264257835 0 1 1 1
 'TRLKLPT_' 47.6405 8.6983 491 2.3905 0.011831294474245 1 0 1 0
 'TRYSLPT_' 48.2942 4.0118 122 2.4438 -0.015915902007803 1 0 1 0
 'UCAGLPT_' 39.22803 9.11014 88 2.4585 0.013400958815085 0 1 1 1
 'USALLPT_' 40.3349 18.1115 29 2.4603 -0.0023464205382031 1 0 1 0
 'USDLLPT_' 49.4329 22.5858 494 2.2787 0.0018357110317369 1 0 1 0
 'VARELPT_' 46.3148 7.6026 652 2.3106 -0.013993852022534 1 0 1 0
 'VEN1LPT_' 45.43057 12.35408 17 2.5597 -0.013345950943056 0 1 1 1
 'VSW2LPT_' 48.07309 8.52756 741 2.3073 0.0055134722474142 0 1 1 1
 'WARELPT_' 50.68988 5.24532 142 2.4303 -0.022131671756489 0 1 1 1
 'WEHOLPT_' 46.38206 7.47284 2916 1.7123 -0.028625491300093 0 1 1 1
 'WEINLPT_' 47.81327 9.65715 519 2.3807 0.0075121091096313 0 1 1 1
 'WLCHLPT_' 47.6678 8.4794 513 2.3777 0.011226748996259 1 0 1 0
 'WROCLPT_' 51.11326 17.06205 141 2.392 0.011920726606367 0 1 1 1
 'WSRTLPT_' 52.91462 6.60451 41 2.4397 -0.0022774659221736 0 1 1 1
 'WTZRLPT_' 49.1442 12.87891 619 2.2729 0.020754478426884 0 1 1 1
 'WTZZLPT_' 49.14421 12.87891 619 2.2719 0.019753759186531 0 1 1 1
 'ZERMLPT_' 46.00145 7.732 1879 1.9891 -0.027971984397611 0 1 1 1
 'ZIM2LPT_' 46.8771 7.46504 908 2.2545 0.019935796637355 0 1 1 1
 'ZIM3LPT_' 46.8771 7.46504 908 2.254 0.019435796637355 0 1 1 1
 'ZIMMLPT_' 46.8771 7.46528 908 2.2534 0.018834476761772 0 1 1 1
 'ZOUFLPT_' 46.55722 12.97356 1898 1.9854 0.003800603261062 0 1 1 1
 'AJACROBG' 41.92747 8.76261 50 2.4854 -0.011949568889812 0 1 1 1
 'BOR1ROBG' 52.277 17.0735 89 2.4119 -0.010898978676549 1 0 1 0
 'BRUXROBG' 50.79806 4.35856 113 2.4527 -0.012606209810431 0 1 1 1
 'DENTROBG' 50.93372 3.39967 20 2.4975 -0.003489386799179 0 1 1 1
 'FFMJROBG' 50.09058 8.66497 130 2.4018 -0.0080209249363921 0 1 1 1
 'GANPROBG' 49.03472 20.32294 704 2.2189 0.002798385456189 0 1 1 1
 'GENOROBG' 44.41939 8.92114 110 2.5128 0.0048247313375991 0 1 1 1
 'GOPEROBG' 49.91369 14.78564 548 2.2678 0.0023377172635453 0 1 1 1
 'GRACROBG' 43.7545 6.92078 1269 2.1449 -0.031272858577347 0 1 1 1
 'GRASROBG' 43.75475 6.92058 1268 2.1443 -0.032285872790638 0 1 1 1
 'GRAZROBG' 47.06714 15.49347 493 2.3046 0.0097567345813996 0 1 1 1
 'IENGROBG' 45.01514 7.63942 267 2.452 0.0070146934113944 0 1 1 1
 'JOZ2ROBG' 52.09783 21.03236 121 2.4204 0.013573004592264 0 1 1 1
 'JOZEROBG' 52.09728 21.03156 110 2.4261 0.015654733941296 0 1 1 1
 'LDB2ROBG' 52.20914 14.12092 120 2.373 0.013250481827008 0 1 1 1
 'LEIJROBG' 51.35397 12.37411 135 2.3848 0.0054735302900024 0 1 1 1
 'M0SEROBG' 41.89311 12.49325 72 2.4786 0.030184825030381 0 1 1 1
 'MARSROBG' 43.27878 5.35381 12 2.484 0.010729703552971 0 1 1 1
 'MAT1ROBG' 40.64906 16.70456 489 2.3322 0.010610282333364 0 1 1 1
 'MATEROBG' 40.64914 16.70447 490 2.3324 0.011117999735153 0 1 1 1
 'MEDIROBG' 44.51997 11.64683 10 2.5479 -0.01715929661788 0 1 1 1
 'OBE4ROBG' 48.0848 11.27786 604 2.3331 0.011309959248498 0 1 1 1
 'ORIDROBG' 41.12731 20.79406 731 2.2596 -0.0019943783449259 0 1 1 1
 'PAYEROBG' 46.81214 6.94394 499 2.3343 -0.023196987452335 0 1 1 1
 'PENCROBG' 47.78961 19.28153 248 2.354 0.013685527692431 0 1 1 1
 'POTSROBG' 52.37931 13.06608 104 2.3895 0.0083328897094317 0 1 1 1
 'PTBBROBG' 52.29619 10.45975 87 2.4019 0.016011906203144 0 1 1 1
 'SOFIROBG' 42.55608 23.39475 1075 2.1897 -0.0013165737862844 0 1 1 1
 'SULPROBG' 49.83558 24.0145 344 2.3061 0.0021492707093342 0 1 1 1
 'TIT2ROBG' 51.03522 6.43158 110 2.4433 0.036317567274799 0 1 1 1
 'UZHLROBG' 48.63197 22.29761 193 2.3649 0.010285469076034 0 1 1 1
 'WAREROBG' 50.6899 5.2453 142 2.4357 -0.024100652701083 1 0 1 0
 'WROCROBG' 51.11325 17.06206 141 2.3941 0.014020409949199 0 1 1 1
 'WSRTROBG' 52.91461 6.6045 41 2.4428 0.00082235013107645 0 1 1 1
 'WTZRROBG' 49.1442 12.87892 619 2.2758 0.023654771588578 0 1 1 1
 'WTZZROBG' 49.14422 12.87892 619 2.2737 0.02155333291033 0 1 1 1
 'ZIM2ROBG' 46.87708 7.46503 907 2.2431 0.0082233832632492 0 1 1 1
 'ZIM3ROBG' 46.87708 7.46503 908 2.2431 0.0085333847005002 0 1 1 1
 'ZIMMROBG' 46.87711 7.46528 907 2.2411 0.0062257060363158 0 1 1 1
 '1MELROBH' 50.63114 3.07839 63 2.4732 0.0081365637373851 0 1 1 1
 'ADR2ROBH' 52.17981 5.95983 45 2.4507 -0.014043967012345 0 1 1 1
 'AGDEROBH' 43.2964 3.4664 16 2.4512 -0.021258594970265 1 0 1 0
 'AIGLROBH' 44.12139 3.58128 1567 2.0361 -0.013953278239045 0 1 1 1
 'AILTROBH' 47.877 3.3559 140 2.4606 0.0036203846817697 1 0 1 0
 'AJACROBH' 41.92747 8.76261 50 2.4768 -0.020549568889812 0 1 1 1
 'ALDBROBH' 52.15317 1.60283 12 2.4693 -0.0046226698030907 0 1 1 1
 'AMB2ROBH' 45.54058 3.75014 565 2.3115 -0.019602045556593 0 1 1 1
 'AMSTROBH' 52.38733 4.83564 44 2.4808 -0.0068134016997381 0 1 1 1
 'ANAYROBH' 45.24033 4.68169 390 2.3303 0.026375630939248 0 1 1 1
 'APELROBH' 52.2119 5.9623 72 2.4423 -0.014117644420805 1 0 1 0
 'AQUIROBH' 42.36825 13.35025 664 2.2799 -0.014273084540765 0 1 1 1
 'ARA2ROBH' 46.49461 15.50878 1245 2.1048 0.011651290255428 0 1 1 1
 'ARNHROBH' 51.9526 5.8739 33 2.4553 -0.024956249237117 1 0 1 0
 'ASIRROBH' 41.85469 12.61803 66 2.4933 0.017358980347983 0 1 1 1
 'ATSTROBH' 42.16828 9.33606 691 2.2952 0.0027370341511581 0 1 1 1
 'ATTLROBH' 52.51683 0.98814 36 2.4966 -0.002445229740025 0 1 1 1
 'AUBGROBH' 48.42131 10.92131 462 2.3533 0.02051168869786 0 1 1 1
 'AUTNROBH' 46.95383 4.28897 305 2.3762 -0.005885270228343 0 1 1 1
 'AXPVROBH' 43.49122 5.33319 180 2.4137 0.0060124530555434 0 1 1 1
 'BACTROBH' 44.3877 6.64956 1151 2.1891 -0.0039346164798002 0 1 1 1
 'BADHROBH' 50.22797 8.60986 213 2.3655 -0.021830602920337 0 1 1 1
 'BAS2ROBH' 42.00145 9.04886 805 2.3214 0.018620046040594 0 1 1 1
 'BEAVROBH' 49.44611 2.10264 102 2.4369 -0.029332964140683 0 1 1 1
 'BIELROBH' 45.56075 8.04806 430 2.4065 0.008443023490444 0 1 1 1
 'BLG2ROBH' 46.1718 5.5741 494 2.2917 -0.035769233921377 1 0 1 0
 'BLVRROBH' 47.32347 6.61128 665 2.285 -0.026764502180341 0 1 1 1
 'BME1ROBH' 47.47903 19.05769 135 2.3968 0.0076221558884799 0 1 1 1
 'BOR1ROBH' 52.27697 17.07347 89 2.4084 -0.0020807373342469 0 1 1 1
 'BOXMROBH' 51.64 5.9829 26 2.4316 -0.041037541507907 1 0 1 0
 'BPDLROBH' 52.03528 23.12736 168 2.3741 0.0061691018981906 0 1 1 1
 'BRD2ROBH' 51.5634 4.7464 11 2.4787 -0.011014956737699 1 0 1 0
 'BRDOROBH' 42.77461 9.47486 20 2.4704 0.015780825382392 0 1 1 1
 'BRMFROBH' 45.72608 4.93839 207 2.3885 0.029482595124367 0 1 1 1
 'BRMGROBH' 47.90775 7.63289 212 2.4816 0.0065610990553591 0 1 1 1
 'BRUXROBH' 50.79806 4.35856 113 2.4472 -0.018106209810431 0 1 1 1
 'BSCNROBH' 47.24689 5.98939 310 2.3591 -0.014731303307106 0 1 1 1
 'BSVZROBH' 45.64281 13.87525 403 2.4345 -0.0017742699565644 0 1 1 1
 'BUTEROBH' 47.48095 19.05653 137 2.3919 0.003379961982855 0 1 1 1
 'BYDGROBH' 53.13456 17.99364 74 2.4276 -0.0019774614421104 0 1 1 1
 'BZR2ROBH' 46.49581 11.33825 282 2.4351 0.046367567464423 0 1 1 1
 'CAG1ROBH' 39.22803 9.11014 89 2.4697 0.024923988784757 0 1 1 1
 'CAKOROBH' 46.38711 16.43908 177 2.3933 -0.00061224571988472 0 1 1 1
 'CAMAROBH' 43.3962 6.3327 164 2.4663 -0.0048125070965046 1 0 1 0
 'CAMPROBH' 41.91825 8.79078 12 2.4983 -0.01168242173042 0 1 1 1
 'CAUDROBH' 50.1249 3.4013 123 2.4574 -0.013765118766868 1 0 1 0
 'CBRYROBH' 45.58128 5.90922 275 2.3978 -0.031786927758768 0 1 1 1
 'CBW1ROBH' 51.96955 4.92619 2 2.4777 -0.0077354616916434 0 1 1 1
 'CERNROBH' 46.25694 6.06058 475 2.3684 0.014761591930124 0 1 1 1
 'CEVYROBH' 49.2877 5.2871 199 2.4201 -0.0096229970624897 1 0 1 0
 'CFRMROBH' 49.68481 18.35319 331 2.3119 -0.0053895393204999 0 1 1 1
 'CHASROBH' 47.86269 4.55944 252 2.3872 0.006575918352715 0 1 1 1
 'CHLNROBH' 49.8097 2.8016 102 2.4591 -0.011315825660926 1 0 1 0
 'CLFDROBH' 45.76097 3.11108 423 2.3491 -0.018592041280436 0 1 1 1
 'CLIBROBH' 50.77169 15.05989 405 2.2758 -0.029249984695656 0 1 1 1
 'CNNEROBH' 43.56922 6.96589 30 2.4897 -0.037326806545811 0 1 1 1
 'COAUROBH' 49.6436 3.5178 82 2.472 -0.013002738610652 1 0 1 0
 'COMOROBH' 45.80217 9.09564 245 2.4608 -0.028557271903303 0 1 1 1
 'COUDROBH' 51.02295 2.37411 12 2.4882 -0.015191022986448 0 1 1 1
 'CPARROBH' 50.0395 15.7832 239 2.3238 -0.028504992027602 1 0 1 0
 'CRAKROBH' 50.10239 13.72925 336 2.3029 -0.022000893733462 0 1 1 1
 'CROLROBH' 45.27769 5.88897 238 2.4367 -0.022410546899408 0 1 1 1
 'CRTEROBH' 42.29886 9.15286 449 2.3853 -0.0076184997795425 0 1 1 1
 'CTABROBH' 49.40981 14.68022 450 2.2812 -0.012235244474551 0 1 1 1
 'DELFROBH' 51.98611 4.38758 31 2.4858 -0.023620389366289 0 1 1 1
 'DENTROBH' 50.93372 3.39967 20 2.49 -0.010989386799179 0 1 1 1
 'DEVAROBH' 45.8784 22.9136 203 2.3422 -0.031645035715099 1 0 1 0
 'DGLGROBH' 50.99367 2.34475 12 2.4867 -0.01262084049613 0 1 1 1
 'DIEPROBH' 52.58805 8.34222 39 2.4104 0.0020888956372946 0 1 1 1
 'DILLROBH' 49.37156 6.69967 179 2.4409 -0.0040748635019057 0 1 1 1
 'DJONROBH' 47.35545 5.045 283 2.4041 -0.0032191671587278 0 1 1 1
 'DLF1ROBH' 51.98603 4.38747 32 2.4857 -0.023394927436786 0 1 1 1
 'DOCOROBH' 49.14022 5.93456 249 2.4139 -0.013252446041725 0 1 1 1
 'DOJXROBH' 48.36286 5.16053 240 2.3572 -0.027800326974621 0 1 1 1
 'DOULROBH' 50.16211 2.35208 67 2.454 -0.036254427299149 0 1 1 1
 'DOURROBH' 50.09489 4.59494 237 2.3906 -0.042174820833293 0 1 1 1
 'DRUSROBH' 48.76742 7.95067 136 2.469 -0.031054441623158 0 1 1 1
 'DUB2ROBH' 42.6502 18.1103 416 2.3694 0.0072054579969407 1 0 1 0
 'DUNQROBH' 51.04808 2.36669 9 2.4896 -0.013467225878683 0 1 1 1
 'DZYLROBH' 53.32006 6.94044 16 2.445 -0.0057916522055153 0 1 1 1
 'EBRGROBH' 52.0675 6.65686 30 2.4336 -0.010565804104663 0 1 1 1
 'ECH2ROBH' 49.80305 6.44311 252 2.4179 -0.02423181000674 0 1 1 1
 'EHVNROBH' 51.4336 5.4658 41 2.4639 -0.0070704979016503 1 0 1 0
 'EIJSROBH' 50.75825 5.68361 58 2.4402 -0.006548983969926 0 1 1 1
 'ENTZROBH' 48.54936 7.63992 156 2.4668 -0.018344098268414 0 1 1 1
 'ENZAROBH' 44.90733 9.73658 133 2.5166 0.010948373155916 0 1 1 1
 'EOSTROBH' 48.57983 7.7625 165 2.4676 -0.020149637644892 0 1 1 1
 'ERCKROBH' 48.87303 7.36422 247 2.429 0.008884819435278 0 1 1 1
 'ERLAROBH' 49.5865 11.0046 291 2.413 0.0021067194291895 1 0 1 0
 'ETOIROBH' 48.57322 7.75228 185 2.4644 -0.015683579049382 0 1 1 1
 'EUSKROBH' 50.67414 6.76353 198 2.4396 0.032840362002808 0 1 1 1
 'EZEVROBH' 43.77444 7.49728 27 2.5423 -0.01356189525599 0 1 1 1
 'FAYEROBH' 43.62078 6.68953 262 2.4393 -0.008808030574889 0 1 1 1
 'FFMJROBH' 50.09058 8.66497 130 2.3959 -0.013920924936392 0 1 1 1
 'FIEDROBH' 46.7727 5.7149 550 2.272 -0.017636631238717 1 0 1 0
 'FLRCROBH' 44.32528 3.5945 555 2.267 -0.049668966153555 0 1 1 1
 'FRNEROBH' 41.64486 13.30092 183 2.4524 0.028483186721947 0 1 1 1
 'FRTTROBH' 47.68033 5.56631 325 2.3521 -0.0079569113243005 0 1 1 1
 'GARIROBH' 44.67692 12.24944 7 2.5486 -0.023560781360787 0 1 1 1
 'GDIJROBH' 47.33272 5.04475 267 2.3973 -0.012408298618328 0 1 1 1
 'GELLROBH' 53.4503 14.3218 45 2.4089 0.0081774849478746 1 0 1 0
 'GENOROBH' 44.41939 8.92114 110 2.5087 0.00072473133759932 0 1 1 1
 'GJMLROBH' 44.02456 20.46017 345 2.3641 0.018664662486998 0 1 1 1
 'GLRAROBH' 44.83925 4.52408 762 2.2134 -0.034403917840151 0 1 1 1
 'GOETROBH' 51.5002 9.9506 169 2.3637 -0.0065844131485551 1 0 1 0
 'GOP6ROBH' 49.91367 14.78561 548 2.2435 -0.021963050432066 0 1 1 1
 'GOPEROBH' 49.91369 14.78564 548 2.2436 -0.021862282736455 0 1 1 1
 'GOR2ROBH' 53.0497 11.3496 21 2.4144 0.0028352530311113 1 0 1 0
 'GORSROBH' 52.57556 1.73194 7 2.5075 -0.00094313143652913 0 1 1 1
 'GRACROBH' 43.7545 6.92078 1269 2.1396 -0.036572858577347 0 1 1 1
 'GRASROBH' 43.75475 6.92058 1268 2.1378 -0.038785872790638 0 1 1 1
 'GRAZROBH' 47.06714 15.49347 493 2.3017 0.0068567345813992 0 1 1 1
 'GRONROBH' 47.10669 2.70822 175 2.4448 -0.013741175032064 0 1 1 1
 'GSR1ROBH' 46.04814 14.54372 305 2.4356 0.0076416506399459 0 1 1 1
 'GWWLROBH' 52.73797 15.20522 91 2.402 0.028290397423965 0 1 1 1
 'HHO2ROBH' 51.97755 4.11978 9 2.4902 -0.0039702894532754 0 1 1 1
 'HOFJROBH' 50.31292 11.87589 567 2.28 -0.0039125042960229 0 1 1 1
 'HOOGROBH' 52.749 6.5731 17 2.4346 -0.015856179789866 1 0 1 0
 'HRSNROBH' 49.9254 4.0733 187 2.4276 -0.0025981610383843 1 0 1 0
 'IENGROBH' 45.01514 7.63942 267 2.4451 0.00011469341139447 0 1 1 1
 'IGM2ROBH' 43.79581 11.21394 49 2.4861 0.0281475949437 0 1 1 1
 'IGMIROBH' 43.79564 11.21381 50 2.4829 0.025335429436331 0 1 1 1
 'IJMUROBH' 52.46197 4.55606 11 2.4945 -0.0017088680377602 0 1 1 1
 'ISLAROBH' 49.1038 2.2064 37 2.4598 -0.029176384189022 1 0 1 0
 'ISRNROBH' 41.60769 14.26622 530 2.3248 0.0031384974549109 0 1 1 1
 'JOURROBH' 52.96153 5.81308 8 2.4541 -0.009211564922015 0 1 1 1
 'JOZ2ROBH' 52.09783 21.03236 121 2.412 0.0051730045922644 0 1 1 1
 'JOZEROBH' 52.09728 21.03156 110 2.4178 0.0073547339412965 0 1 1 1
 'KARLROBH' 49.01125 8.41128 135 2.4782 0.027843188368341 0 1 1 1
 'KATOROBH' 50.25328 19.03564 292 2.3327 0.0043775393994325 0 1 1 1
 'KERKROBH' 50.8519 6.0067 189 2.386 -0.022946851425895 1 0 1 0
 'KNJAROBH' 43.56656 22.25533 246 2.4028 -0.0030239656149402 0 1 1 1
 'KOS1ROBH' 52.17336 5.81822 61 2.4381 -0.029984962683633 0 1 1 1
 'KRA1ROBH' 50.06611 19.92047 227 2.3468 -0.0033534503131007 0 1 1 1
 'KRAWROBH' 50.06614 19.92047 227 2.3443 -0.0058523144886435 0 1 1 1
 'KUNZROBH' 49.10731 15.20094 656 2.234 -0.0031585378736714 0 1 1 1
 'LDB2ROBH' 52.20914 14.12092 120 2.3686 0.0088504818270074 0 1 1 1
 'LEIJROBH' 51.35397 12.37411 135 2.3788 -0.00052646970999737 0 1 1 1
 'LELYROBH' 52.5046 5.4211 9 2.4478 -0.039953002625166 1 0 1 0
 'LETOROBH' 50.51389 1.61908 18 2.4535 -0.012527812016537 0 1 1 1
 'LIGNROBH' 45.78992 7.47772 1672 2.0461 0.0093492063756915 0 1 1 1
 'LIL2ROBH' 50.6135 3.13597 51 2.4867 0.014098354978445 0 1 1 1
 'LINZROBH' 48.30978 14.28306 289 2.3352 -0.0066625595925189 0 1 1 1
 'LITHROBH' 51.8083 5.4537 19 2.4529 -0.016116241193641 1 0 1 0
 'LODZROBH' 51.77872 19.45953 226 2.3522 -0.014634885014555 0 1 1 1
 'LUCEROBH' 47.43836 7.26819 692 2.2948 -0.040710939811601 0 1 1 1
 'LUCIROBH' 42.38628 9.53086 15 2.4621 -0.004239692476165 0 1 1 1
 'LUMIROBH' 42.60294 8.82739 8 2.5182 0.053191045223922 0 1 1 1
 'LURIROBH' 42.88842 9.47597 5 2.4792 0.025786298912989 0 1 1 1
 'LWRDROBH' 53.1969 5.7871 31 2.4576 0.017275390630226 1 0 1 0
 'M0SEROBH' 41.89311 12.49325 72 2.4766 0.028184825030381 0 1 1 1
 'MARSROBH' 43.27878 5.35381 12 2.4814 0.0081297035529704 0 1 1 1
 'MAR1ROBH' 51.39169 1.38289 13 2.4374 -0.014657384377028 0 1 1 1
 'MAT1ROBH' 40.64906 16.70456 489 2.3352 0.013610282333364 0 1 1 1
 'MATEROBH' 40.64914 16.70447 490 2.335 0.013717999735154 0 1 1 1
 'MATGROBH' 40.64903 16.70464 490 2.336 0.014719706468226 0 1 1 1
 'MAULROBH' 41.51486 9.01508 154 2.4942 0.056332780559814 0 1 1 1
 'MEDIROBH' 44.51997 11.64683 10 2.5471 -0.01795929661788 0 1 1 1
 'MELNROBH' 48.5395 2.6725 84 2.463 -0.01445209692 0 1 1 1
 'MGISROBH' 47.97581 2.71381 102 2.4594 -0.021832068585393 0 1 1 1
 'MICHROBH' 43.92417 5.71736 577 2.3152 -0.0032660979985879 0 1 1 1
 'MLVLROBH' 48.84106 2.58731 116 2.4524 -0.012157989020189 0 1 1 1
 'MNTPROBH' 43.64625 3.86911 54 2.4476 -0.015329492565222 0 1 1 1
 'MODAROBH' 45.21378 6.71008 1128 2.2121 0.023095841859992 0 1 1 1
 'MOPIROBH' 48.37272 17.27389 535 2.2595 -0.005978893900362 0 1 1 1
 'MOPSROBH' 44.62936 10.94919 53 2.5385 -0.004866576569992 0 1 1 1
 'MOX2ROBH' 50.6422 11.6162 453 2.3195 -0.0090109157014369 1 0 1 0
 'MRONROBH' 46.7472 6.3524 1316 2.1285 -0.0050244524608827 1 0 1 0
 'MSMMROBH' 43.81067 6.19975 747 2.2777 0.018356599367373 0 1 1 1
 'MSTRROBH' 50.84483 5.70264 69 2.4329 -0.010300463269888 0 1 1 1
 'MTBTROBH' 48.4903 4.564 180 2.3826 -0.061581238600329 0 0 1 1
 'MTP2ROBH' 43.63878 3.86411 79 2.4353 -0.01977334992691 0 1 1 1
 'MUK2ROBH' 48.4458 22.72239 132 2.3747 0.006028089009575 0 1 1 1
 'NICAROBH' 43.70328 7.22728 207 2.4661 -0.01146953148312 0 1 1 1
 'NPAZROBH' 43.1396 20.5193 503 2.2914 -0.036865355443193 1 0 1 0
 'OBE4ROBH' 48.0848 11.27786 604 2.3268 0.0050099592484978 0 1 1 1
 'OLDEROBH' 52.3091 6.8944 39 2.4225 -0.0073084233131149 1 0 1 0
 'OPMEROBH' 45.71289 3.08978 657 2.2851 -0.026918717611376 0 1 1 1
 'ORIDROBH' 41.12731 20.79406 731 2.258 -0.0035943783449257 0 1 1 1
 'OROSROBH' 46.55522 20.67136 104 2.3864 0.017167343624008 0 1 1 1
 'OSANROBH' 42.32417 8.63244 205 2.452 0.032714388023019 0 1 1 1
 'PANAROBH' 48.85467 2.39358 76 2.4598 -0.010869281397534 0 1 1 1
 'PAYEROBH' 46.81214 6.94394 499 2.3327 -0.024796987452335 0 1 1 1
 'PENCROBH' 47.78961 19.28153 248 2.3455 0.0051855276924311 0 1 1 1
 'PERXROBH' 46.96008 6.45622 1083 2.1985 0.015727517160751 0 1 1 1
 'PIAAROBH' 42.23503 8.62928 494 2.3572 0.026370419817289 0 1 1 1
 'POBUROBH' 46.3828 4.1603 372 2.337 -0.038754805294639 1 0 1 0
 'POREROBH' 45.22603 13.59506 22 2.5828 0.020386827425479 0 1 1 1
 'POTSROBH' 52.37931 13.06608 104 2.3853 0.0041328897094317 0 1 1 1
 'POZEROBH' 45.3328 17.6755 167 2.4221 0.0082343764546677 1 0 1 0
 'PRATROBH' 43.88556 11.09914 75 2.4984 0.037764789615228 0 1 1 1
 'PRIEROBH' 43.2767 5.3727 137 2.4402 0.01044197069927 1 0 1 0
 'PRNYROBH' 46.90492 6.33836 833 2.2565 0.010180520236612 0 1 1 1
 'PTBBROBH' 52.2962 10.4597 87 2.3954 0.00055245743910337 1 0 1 0
 'PUYVROBH' 45.04361 3.87889 658 2.2775 -0.0065508101496117 0 1 1 1
 'PZA2ROBH' 45.59078 15.26067 166 2.4497 -0.016238152933775 0 1 1 1
 'PZNAROBH' 43.44775 3.41336 30 2.464 0.0010512563442431 0 1 1 1
 'RAH1ROBH' 48.05483 24.20531 457 2.2969 0.019775094019564 0 1 1 1
 'RAYLROBH' 43.16053 6.49389 288 2.4109 0.017129443891772 0 1 1 1
 'RDAMROBH' 51.9528 4.55931 39 2.4764 -0.014323265987087 0 1 1 1
 'REDUROBH' 50.0015 5.14489 323 2.3751 -0.0019137291702895 0 1 1 1
 'RIL2ROBH' 51.4481 4.2305 24 2.4754 0.0023683280364031 1 0 1 0
 'RIVOROBH' 45.98214 13.04825 55 2.5377 0.0044875014219423 0 1 1 1
 'ROE2ROBH' 51.1748 5.9991 35 2.4501 -0.0004597974091709 1 0 1 0
 'ROSIROBH' 45.62514 6.85578 1826 1.9705 -0.03414617196601 0 1 1 1
 'RST2ROBH' 43.941 5.4837 1019 2.1917 0.0054409005103038 1 0 1 0
 'SABAROBH' 44.7596 19.6967 96 2.4218 0.0011609093379676 1 0 1 0
 'SARLROBH' 49.0026 7.0313 227 2.4236 -0.011210032797516 1 0 1 0
 'SARSROBH' 41.85961 9.39603 19 2.4895 0.018788369378888 0 1 1 1
 'SARTROBH' 39.49011 9.24542 603 2.3439 0.0276202336145 0 1 1 1
 'SASGROBH' 51.2294 3.809 25 2.4883 0.0031765120972045 1 0 1 0
 'SBG2ROBH' 47.8034 13.1104 1278 2.0835 -0.011159007492461 1 0 1 0
 'SCDAROBH' 44.79453 3.2675 1062 2.1551 0.010559206881957 0 1 1 1
 'SDYKROBH' 51.7486 3.8261 15 2.4875 -0.0088530584629241 1 0 1 0
 'SEURROBH' 46.99428 5.15153 197 2.3865 -0.0096970210726717 0 1 1 1
 'SGILROBH' 43.677 4.4337 41 2.4354 -0.079439737174308 0 0 1 1
 'SMSPROBH' 49.1152 4.5814 154 2.4045 -0.047941380892987 1 0 1 0
 'SNIKROBH' 41.10808 16.87856 30 2.4758 0.008289336511305 0 1 1 1
 'SPRNROBH' 47.68364 16.58306 234 2.3601 0.012989927523166 0 1 1 1
 'SRJVROBH' 43.86786 18.41389 599 2.3227 0.043127655787284 0 1 1 1
 'STBXROBH' 44.25942 4.19694 168 2.4159 -0.044958493785758 0 1 1 1
 'STMRROBH' 43.4491 4.4216 6 2.4473 -0.036588839929278 1 0 1 0
 'STV2ROBH' 44.56694 6.10625 762 2.2748 0.0084158201208373 0 1 1 1
 'SULPROBH' 49.83558 24.0145 344 2.2991 -0.0048507292906654 0 1 1 1
 'SVLLROBH' 39.3143 16.75122 1171 2.1231 0.0090515250874379 0 1 1 1
 'TANZROBH' 48.25492 7.46261 183 2.4843 0.011897822381163 0 1 1 1
 'TAPLROBH' 52.879 7.0986 21 2.4185 -0.0034279534582002 1 0 1 0
 'TIT2ROBH' 51.03522 6.43158 110 2.4294 0.022417567274799 0 1 1 1
 'TOPPROBH' 40.81778 15.46431 1247 2.1191 0.0056195294792043 0 1 1 1
 'TREUROBH' 46.06739 11.14464 340 2.4297 0.052586178375964 0 1 1 1
 'TRF2ROBH' 47.92797 15.85892 1046 2.1286 0.0055222642578356 0 1 1 1
 'TRMIROBH' 42.00458 14.98831 28 2.4785 0.00067140209913363 0 1 1 1
 'TROSROBH' 50.12675 6.00731 490 2.321 -0.024014482799191 0 1 1 1
 'TRYSROBH' 48.29425 4.01183 122 2.4367 -0.021074685312191 0 1 1 1
 'TUBOROBH' 49.20589 16.59283 280 2.3434 -0.0019482635004477 0 1 1 1
 'TUDAROBH' 42.60442 9.36203 408 2.3428 -0.013165112223309 0 1 1 1
 'TXE2ROBH' 53.0411 4.8512 9 2.4803 -0.017211825955523 1 0 1 0
 'UCAGROBH' 39.22803 9.11014 89 2.4664 0.021623988784758 0 1 1 1
 'USALROBH' 40.33492 18.1115 29 2.4709 0.020614341904175 0 1 1 1
 'USDLROBH' 49.43292 22.58578 495 2.2719 0.008041875528209 0 1 1 1
 'UTR2ROBH' 52.0626 5.0931 19 2.4637 -0.024633433165004 1 0 1 0
 'UZHLROBH' 48.63197 22.29761 193 2.356 0.001385469076034 0 1 1 1
 'VEN1ROBH' 45.43058 12.35408 16 2.5615 -0.011919976251744 0 1 1 1
 'VIGNROBH' 42.08092 12.21108 259 2.4032 0.013225040136678 0 1 1 1
 'VIRGROBH' 43.63083 10.50133 6 2.499 -0.0056932724189811 0 1 1 1
 'VITYROBH' 48.77394 2.37558 101 2.4472 -0.015733669860121 0 1 1 1
 'VLFRROBH' 45.39022 10.86722 70 2.5331 0.015398056479014 0 1 1 1
 'VLISROBH' 51.44289 3.59733 10 2.4963 -0.00042221136867582 0 1 1 1
 'VOURROBH' 45.66158 4.78075 274 2.3571 0.022992484223984 0 1 1 1
 'WAREROBH' 50.68989 5.24531 142 2.4197 -0.032737718939955 0 1 1 1
 'WIL2ROBH' 51.68245 4.39769 10 2.4941 0.014176307536473 0 1 1 1
 'WLBHROBH' 48.41517 7.35131 770 2.2777 -0.019983822784718 0 1 1 1
 'WROCROBH' 51.11325 17.06206 141 2.3881 0.0080204099491992 0 1 1 1
 'WSRTROBH' 52.91461 6.6045 41 2.4317 -0.010277649868923 0 1 1 1
 'WTZRROBH' 49.1442 12.87892 619 2.2371 -0.015045228411422 0 1 1 1
 'ZADAROBH' 44.11317 15.22758 21 2.541 -0.015127435679585 0 1 1 1
 'ZIM2ROBH' 46.87708 7.46503 907 2.2476 0.012723383263249 0 1 1 1
 'ZIMMROBH' 46.87711 7.46528 907 2.2459 0.011025706036316 0 1 1 1
 'ZOUFROBH' 46.55722 12.97356 1897 1.9916 0.0097269064425904 0 1 1 1
 'ZWO2ROBH' 52.5028 6.0934 23 2.4342 -0.032192707754142 1 0 1 0
 '1MELSGN1' 50.63113 3.07839 63 2.4885 0.02343719344841 0 1 1 1
 'AAERSGN1' 49.78247 4.64264 151 2.4246 -0.024619241903458 0 1 1 1
 'AGDESGN1' 43.29638 3.46642 16 2.4686 0.0028786215089691 0 1 1 1
 'AGDSSGN1' 43.31265 3.47432 18 2.469 0.0036159738102701 0 1 1 1
 'ALGYSGN1' 47.46117 5.60631 197 2.4185 0.039728652955619 0 1 1 1
 'ALU2SGN1' 47.04189 3.62681 276 2.4062 0.0028784194112732 0 1 1 1
 'AMIYSGN1' 47.96503 2.72815 105 2.47 -0.013002495537935 0 1 1 1
 'AMNSSGN1' 49.85883 2.23836 45 2.4653 -0.026060789018043 0 1 1 1
 'ANDESGN1' 48.79079 4.95434 174 2.4205 -0.010723484615913 0 1 1 1
 'APT2SGN1' 43.87629 5.38824 236 2.4212 0.019144324090345 0 1 1 1
 'ASNESGN1' 47.47829 2.39279 198 2.4365 -0.010287384149611 0 1 1 1
 'ATH2SGN1' 49.5801 3.67454 80 2.4732 -0.0068305119646066 0 1 1 1
 'AUBUSGN1' 48.21685 7.1967 1102 2.246 0.028370310598847 0 1 1 1
 'AUT2SGN1' 46.97137 4.30347 301 2.3874 0.013927060978234 0 1 1 1
 'AUTNSGN1' 46.95384 4.28897 305 2.3903 0.0082192998469077 0 1 1 1
 'AXPVSGN1' 43.49121 5.33319 180 2.4252 0.017511903411902 0 1 1 1
 'BADHSGN1' 50.22797 8.60985 213 2.3834 -0.0039305530917111 0 1 1 1
 'BAL2SGN1' 47.93093 7.5403 215 2.497 0.021144392983986 0 1 1 1
 'BANNSGN1' 44.3692 4.15631 306 2.3991 -0.02006585619843 0 1 1 1
 'BEUGSGN1' 50.13042 2.87691 120 2.4621 0.0038401770532146 0 1 1 1
 'BLVRSGN1' 47.32348 6.61128 665 2.3037 -0.0080630058005009 0 1 1 1
 'BOVESGN1' 49.42987 2.11919 92 2.4437 -0.026788432182293 0 1 1 1
 'BRM2SGN1' 48.71123 7.7066 151 2.4845 -0.010637003134231 0 1 1 1
 'BRMFSGN1' 45.72607 4.93839 207 2.3929 0.033883890678207 0 1 1 1
 'BSCNSGN1' 47.24688 5.98938 310 2.3787 0.0048711101616847 0 1 1 1
 'BUSISGN1' 50.0339 3.46869 160 2.4616 0.020239090683439 0 1 1 1
 'BVOISGN1' 50.36946 2.23862 145 2.4573 -0.00047353881326462 0 1 1 1
 'BVS2SGN1' 49.18422 5.37287 231 2.4377 0.02249552833341 0 1 1 1
 'CANESGN1' 43.55457 7.01572 42 2.501 -0.020327691270007 0 1 1 1
 'CCSLSGN1' 47.36096 2.92298 188 2.4415 -0.0043062160749137 0 1 1 1
 'CERNSGN1' 46.25695 6.06056 476 2.3873 0.033988600341843 0 1 1 1
 'CHE2SGN1' 48.66719 2.88289 123 2.4636 -0.026920432816563 0 1 1 1
 'CHPOSGN1' 49.5369 4.2646 87 2.4622 0.0045377080923594 1 0 1 0
 'CLFDSGN1' 45.76096 3.11107 423 2.3569 -0.01079732975965 0 1 1 1
 'CLMTSGN1' 45.77506 3.14551 342 2.3842 0.0042947752799951 0 1 1 1
 'CNNESGN1' 43.56921 6.96589 30 2.5017 -0.02532442576637 0 1 1 1
 'COMOSGN1' 45.80216 9.09562 245 2.4766 -0.012758511971326 0 1 1 1
 'CONNSGN1' 48.73019 3.91781 111 2.4506 0.018231091527947 0 1 1 1
 'CRAUSGN1' 43.12389 6.07598 46 2.5025 0.014088956476741 0 1 1 1
 'CRTSSGN1' 44.726 5.0181 196 2.3775 0.0068592084882622 1 0 1 0
 'CYLMSGN1' 46.29113 4.78011 193 2.402 0.013864213700009 0 1 1 1
 'DBMHSGN1' 48.60381 6.3641 229 2.4447 0.0076485724397313 0 1 1 1
 'DEQUSGN1' 45.86996 6.62993 1113 2.1827 -0.01442752222512 0 1 1 1
 'DGLGSGN1' 50.99365 2.34475 12 2.4993 -2.1679789663942e-05 0 1 1 1
 'DHUISGN1' 48.39936 2.17659 160 2.4393 0.0092145081549773 0 1 1 1
 'DILLSGN1' 49.37156 6.69967 179 2.4476 0.0026251364980943 0 1 1 1
 'DOCXSGN1' 46.4995 5.30075 224 2.3983 0.022712721239087 0 1 1 1
 'DRULSGN1' 48.91184 7.12949 340 2.4076 0.0029348462434524 0 1 1 1
 'DUNQSGN1' 51.04807 2.36669 7 2.505 0.0012137336157334 0 1 1 1
 'EBNSSGN1' 45.1496 5.7413 232 2.4324 0.0068684669820898 1 0 1 0
 'ENTZSGN1' 48.54936 7.6399 156 2.4845 -0.00064378181991964 0 1 1 1
 'EOSTSGN1' 48.57984 7.76249 165 2.4798 -0.0079506539182086 0 1 1 1
 'EQH2SGN1' 50.68035 1.56755 45 2.4428 -0.0030687544276287 0 1 1 1
 'ETOISGN1' 48.57322 7.75227 185 2.4767 -0.0033834734472236 0 1 1 1
 'EXLCSGN1' 43.17102 5.61177 21 2.4914 0.009483650409321 0 1 1 1
 'EXSGSGN1' 48.89957 2.0647 113 2.4449 -0.043261614354941 0 1 1 1
 'FEURSGN1' 45.7348 4.22924 351 2.3932 0.0028606665917286 0 1 1 1
 'FIEDSGN1' 46.77271 5.71485 550 2.3024 0.010941861025108 0 1 1 1
 'FRGNSGN1' 46.82025 4.85208 220 2.4123 0.008899257955743 0 1 1 1
 'GAJNSGN1' 43.90175 4.20967 100 2.443 -0.029576206318587 0 1 1 1
 'GAPCSGN1' 44.5007 6.0435 701 2.2935 0.010148165509816 1 0 1 0
 'GDIJSGN1' 47.33273 5.04474 267 2.4108 0.0010895612392203 0 1 1 1
 'GIE1SGN1' 47.61301 2.78154 166 2.4482 -0.021692938582299 0 1 1 1
 'GRACSGN1' 43.75449 6.92076 1269 2.154 -0.022177670682723 0 1 1 1
 'GRASSGN1' 43.75473 6.92057 1268 2.1524 -0.024185648834541 0 1 1 1
 'GRIGSGN1' 48.70372 2.88166 119 2.4633 -0.029140714276895 0 1 1 1
 'IGNPSGN1' 48.84447 2.42503 80 2.4631 -0.007647172858547 0 1 1 1
 'JANUSGN1' 44.91036 6.71003 2529 1.8332 0.0030564922918073 0 1 1 1
 'JOUXSGN1' 46.52857 5.79566 795 2.2383 -0.015015185340073 0 1 1 1
 'LAIGSGN1' 47.84244 4.37303 239 2.3992 -0.0032007042086213 0 1 1 1
 'LDB2SGN1' 52.20912 14.12092 120 2.3834 0.023649972207409 0 1 1 1
 'LESASGN1' 43.56065 4.68406 19 2.4472 -0.030315919729707 0 1 1 1
 'LIL2SGN1' 50.61351 3.13595 51 2.498 0.025401143494527 0 1 1 1
 'LIZ2SGN1' 49.02347 3.0369 67 2.4725 -0.0099252059590795 0 1 1 1
 'LLGVSGN1' 47.01367 6.47667 863 2.261 0.023160520142947 0 1 1 1
 'LMDMSGN1' 46.0691 3.66147 551 2.3188 0.016143494198893 0 1 1 1
 'LRTZSGN1' 48.69051 6.1915 215 2.4342 -0.014863771679627 0 1 1 1
 'MAGRSGN1' 48.18689 3.32244 99 2.4732 0.0047506367094337 0 1 1 1
 'MARSSGN1' 43.27877 5.35378 12 2.4975 0.024232247528363 0 1 1 1
 'MEDISGN1' 44.51995 11.64681 10 2.563 -0.0020602553742184 0 1 1 1
 'MENDSGN1' 44.50486 3.53007 1023 2.162 -0.016835140214445 0 1 1 1
 'MENSSGN1' 44.81557 5.7506 784 2.268 0.009084725963775 0 1 1 1
 'MICHSGN1' 43.92415 5.71735 577 2.3212 0.0027323148476381 0 1 1 1
 'MIRESGN1' 48.29486 6.12133 303 2.4214 0.0061307465162344 0 1 1 1
 'MLVLSGN1' 48.84106 2.58731 116 2.4563 -0.0082579890201893 0 1 1 1
 'MNBLSGN1' 47.49583 6.80613 364 2.3989 0.00029555106862178 0 1 1 1
 'MONSSGN1' 46.54855 3.28558 264 2.4063 -0.0063798152738475 0 1 1 1
 'MTLCSGN1' 46.17984 5.5746 496 2.3093 -0.019078503594357 0 1 1 1
 'NICASGN1' 43.70326 7.22726 207 2.4791 0.0015328262791972 0 1 1 1
 'NOGTSGN1' 48.03534 5.34797 405 2.329 -0.0049122971720346 0 1 1 1
 'OPMESGN1' 45.71288 3.08978 657 2.3014 -0.010619818638792 0 1 1 1
 'PAMOSGN1' 46.46684 4.11764 286 2.3833 -0.01887325894108 0 1 1 1
 'PANASGN1' 48.85466 2.39358 76 2.4615 -0.0091694663636828 0 1 1 1
 'PAYESGN1' 46.81214 6.94394 499 2.3466 -0.010896987452335 0 1 1 1
 'PUYVSGN1' 45.04361 3.87887 658 2.2919 0.0078464733832813 0 1 1 1
 'QNSNSGN1' 43.7223 6.0281 568 2.3283 0.00029862989868734 1 0 1 0
 'RMZTSGN1' 44.4207 5.3618 465 2.3445 0.026116028344198 1 0 1 0
 'ROMYSGN1' 49.17377 3.76872 229 2.4259 0.025507435727815 0 1 1 1
 'RUPTSGN1' 48.42848 5.13833 208 2.3808 -0.0095500427202708 0 1 1 1
 'SBGSSGN1' 48.90997 2.16741 66 2.4569 -0.046310482780076 0 1 1 1
 'SDDPSGN1' 46.94346 2.52978 177 2.4386 -0.01387507803268 0 1 1 1
 'SEM2SGN1' 47.48995 4.33573 297 2.3792 -0.0085386981088029 0 1 1 1
 'SET1SGN1' 43.39978 3.70182 9 2.4756 -0.0057698674455091 0 1 1 1
 'SIRTSGN1' 48.71217 2.2085 173 2.4374 -0.0010455362771689 0 1 1 1
 'SISTSGN1' 44.2292 5.9126 513 2.3525 0.0030891395270212 1 0 1 0
 'SMCRSGN1' 46.56949 5.8319 803 2.2326 -0.01872299660955 0 1 1 1
 'STAZSGN1' 45.53984 5.52794 414 2.3411 0.0099409862040383 0 1 1 1
 'STELSGN1' 46.9983 3.19436 186 2.4348 -0.0072450741978485 0 1 1 1
 'STF2SGN1' 45.52673 3.72704 540 2.3335 0.012740684294492 0 1 1 1
 'STMRSGN1' 43.44914 4.42163 6 2.4552 -0.012408360097027 0 1 1 1
 'THNVSGN1' 49.3639 6.17033 164 2.4539 -0.0093924006315764 0 1 1 1
 'TLTGSGN1' 43.1174 5.9131 3 2.5246 0.030524374358672 1 0 1 0
 'TRYSSGN1' 48.29424 4.01181 122 2.4492 -0.0085794780163564 0 1 1 1
 'VAUDSGN1' 46.98116 5.62686 222 2.4003 0.0022871228979127 0 1 1 1
 'VERNSGN1' 45.21126 3.22949 892 2.2076 0.0076843734522098 0 1 1 1
 'VIN1SGN1' 47.7057 3.6269 118 2.4646 0.014889515674884 1 0 1 0
 'VLISSGN1' 51.44287 3.59733 10 2.5128 0.016079200062991 0 1 1 1
 'VNTESGN1' 49.43353 2.77988 93 2.4728 -0.013702117430944 0 1 1 1
 'VOUZSGN1' 49.3964 4.69218 121 2.4228 -0.036071232845137 0 1 1 1
 'VRCTSGN1' 47.34129 5.11243 229 2.4228 0.0081992273797735 0 1 1 1
 'VSOUSGN1' 47.6169 6.16826 231 2.3838 -0.024070207473704 0 1 1 1
 'YSCNSGN1' 43.71165 3.83329 135 2.4094 -0.022569229796301 0 1 1 1
 'DOCXSGN_' 46.4995 5.3007 224 2.3978 0.018345283892699 1 0 1 0
 'DOJXSGN_' 48.36285 5.16052 240 2.3783 -0.0067034466772036 0 1 1 1
 'DOUASGN_' 50.3957 3.09803 32 2.4896 0.016742959841067 0 1 1 1
 'DOULSGN_' 50.1621 2.3521 67 2.4689 -0.030165628723441 1 0 1 0
 'DROUSGN_' 46.7542 4.84591 192 2.4142 0.0090845461167306 0 1 1 1
 'DRULSGN_' 48.9118 7.1295 340 2.4017 -0.018430613421729 1 0 1 0
 'DRUSSGN_' 48.76741 7.95064 136 2.4803 -0.019754782492349 0 1 1 1
 'DUNQSGN_' 51.04807 2.36669 7 2.5082 0.0044137336157335 0 1 1 1
 'ENTZSGN_' 48.54936 7.6399 156 2.4775 -0.0076437818199198 0 1 1 1
 'EQH2SGN_' 50.68035 1.56755 45 2.4472 0.0013312455723713 0 1 1 1
 'ERCKSGN_' 48.87302 7.36421 247 2.436 0.015885126422257 0 1 1 1
 'ETOISGN_' 48.57322 7.75227 185 2.4699 -0.010183473447224 0 1 1 1
 'EUSKSGN_' 50.67413 6.76353 198 2.4458 0.0390400862706 0 1 1 1
 'EXLCSGN_' 43.17102 5.61177 21 2.4898 0.0078836504093207 0 1 1 1
 'EZEVSGN_' 43.77443 7.49728 27 2.5538 -0.0020597256096706 0 1 1 1
 'FAYESGN_' 43.62077 6.68952 262 2.4513 0.0031945206867672 0 1 1 1
 'FEGASGN_' 48.7849 3.3366 179 2.4371 -0.0059564205329594 1 0 1 0
 'FET2SGN_' 49.20089 3.50933 124 2.4614 -0.0011632693186234 0 1 1 1
 'FEURSGN_' 45.7348 4.22924 351 2.3938 0.0034606665917285 0 1 1 1
 'FIEDSGN_' 46.77271 5.71485 550 2.286 -0.005458138974892 0 1 1 1
 'FLRCSGN_' 44.32527 3.5945 555 2.2928 -0.023868739612115 0 1 1 1
 'FOUGSGN_' 47.88435 6.36544 287 2.4088 0.019180250110163 0 1 1 1
 'FRTTSGN_' 47.68034 5.56631 325 2.3746 0.014542718269634 0 1 1 1
 'GAJNSGN_' 43.9017 4.2097 100 2.4429 -0.043653249611987 1 0 1 0
 'GDIJSGN_' 47.33273 5.04474 267 2.4166 0.0068895612392201 0 1 1 1
 'GIE1SGN_' 47.61301 2.78154 166 2.449 -0.020892938582299 0 1 1 1
 'GLRASGN_' 44.83925 4.52407 762 2.224 -0.023806502006034 0 1 1 1
 'GRACSGN_' 43.75449 6.92076 1269 2.1509 -0.025277670682723 0 1 1 1
 'GRASSGN_' 43.75473 6.92057 1268 2.1493 -0.027285648834541 0 1 1 1
 'GRONSGN_' 47.10669 2.70821 175 2.4454 -0.013141237760374 0 1 1 1
 'HRSNSGN_' 49.92544 4.07326 186 2.4326 0.006100264155275 0 1 1 1
 'IGNPSGN_' 48.84447 2.42503 80 2.4636 -0.0071471728585468 0 1 1 1
 'ISLASGN_' 49.10384 2.20644 37 2.4657 -0.021371148987861 0 1 1 1
 'KARLSGN_' 49.01124 8.41125 135 2.4855 0.035141538746684 0 1 1 1
 'LETOSGN_' 50.51389 1.61907 17 2.4607 -0.005690673913628 0 1 1 1
 'LIL2SGN_' 50.61351 3.13595 51 2.4969 0.024301143494527 0 1 1 1
 'LIZ2SGN_' 49.02347 3.0369 67 2.4726 -0.0098252059590798 0 1 1 1
 'LLGVSGN_' 47.01367 6.47667 863 2.2609 0.023060520142947 0 1 1 1
 'LMDMSGN_' 46.0691 3.6615 551 2.3203 0.012909464548815 1 0 1 0
 'LONSSGN_' 46.6785 5.557 276 2.3821 0.019810080076672 1 0 1 0
 'LUCESGN_' 47.43835 7.26819 692 2.327 -0.0085171942686051 0 1 1 1
 'LUCISGN_' 42.38628 9.53086 15 2.4662 -0.00013969247616474 0 1 1 1
 'LULISGN_' 46.72341 2.94598 229 2.4237 -0.023890289143913 0 1 1 1
 'LUMISGN_' 42.60294 8.82738 8 2.501 0.035991190462351 0 1 1 1
 'LURISGN_' 42.88842 9.47595 5 2.4864 0.032975748504517 0 1 1 1
 'MAGRSGN_' 48.1869 3.3224 99 2.4757 0.00043974193729479 1 0 1 0
 'MARGSGN_' 46.08442 6.5107 473 2.3771 -0.024417631762584 0 1 1 1
 'MARSSGN_' 43.27877 5.35378 12 2.4969 0.023632247528363 0 1 1 1
 'MAULSGN_' 41.51485 9.01506 154 2.4976 0.059736404489076 0 1 1 1
 'MDEUSGN_' 40.88976 9.16257 528 2.3643 -0.041310473873937 0 1 1 1
 'MELNSGN_' 48.53949 2.67248 84 2.4667 -0.010749225422907 0 1 1 1
 'MGISSGN_' 47.97581 2.71381 102 2.4618 -0.019432068585393 0 1 1 1
 'MICHSGN_' 43.92415 5.71735 577 2.3178 -0.00066768515236193 0 1 1 1
 'MIRESGN_' 48.29486 6.12133 303 2.4169 0.0016307465162342 0 1 1 1
 'STPSSGN_' 46.30843 3.29398 251 2.412 -0.0054802859787779 0 1 1 1
 'STV2SGN_' 44.56694 6.10624 762 2.2813 0.014916743829662 0 1 1 1
 'TANZSGN_' 48.25491 7.4626 183 2.4985 0.026097008773941 0 1 1 1
 'THILSGN_' 49.25613 3.95443 95 2.4567 0.014582056416829 0 1 1 1
 'THNVSGN_' 49.3639 6.17033 164 2.4508 -0.012492400631576 0 1 1 1
 'TLTGSGN_' 43.11738 5.91315 3 2.5219 0.032233213945662 0 1 1 1
 'TRYSSGN_' 48.29424 4.01181 122 2.4482 -0.0095794780163563 0 1 1 1
 'UCAGSGN_' 39.22803 9.11013 89 2.4665 0.021724020904858 0 1 1 1
 'UNIXSGN_' 45.39971 4.26144 454 2.3469 0.0079573003491649 0 1 1 1
 'VILDSGN_' 45.0732 5.54573 971 2.1808 -0.020525010465175 0 1 1 1
 'VIRGSGN_' 43.63083 10.50131 6 2.5095 0.0048076151059013 0 1 1 1
 'VOURSGN_' 45.66159 4.78075 274 2.3704 0.036292985157857 0 1 1 1
 'AGDSSGN_' 43.31265 3.47432 18 2.4605 -0.0048840261897296 0 1 1 1
 'AIGLSGN_' 44.1214 3.58126 1567 2.0378 -0.012254607952385 0 1 1 1
 'AILTSGN_' 47.87701 3.35589 140 2.4648 0.004581979898072 0 1 1 1
 'AJACSGN_' 41.92746 8.76261 50 2.4669 -0.030448012307953 0 1 1 1
 'ALGYSGN_' 47.4612 5.6063 197 2.4193 0.032375597818851 1 0 1 0
 'ALU2SGN_' 47.0419 3.6268 276 2.3982 -0.00053787867002608 1 0 1 0
 'AMB2SGN_' 45.54058 3.75013 565 2.3259 -0.0051959173685936 0 1 1 1
 'AMNSSGN_' 49.85883 2.23836 45 2.4667 -0.024660789018043 0 1 1 1
 'ANAYSGN_' 45.24033 4.68168 390 2.3339 0.029973343361458 0 1 1 1
 'ANDESGN_' 48.79079 4.95434 174 2.425 -0.0062234846159135 0 1 1 1
 'ANNYSGN_' 45.89784 6.11424 471 2.3464 -0.032023893982397 0 1 1 1
 'APT2SGN_' 43.87629 5.38824 236 2.4175 0.015444324090346 0 1 1 1
 'ASNESGN_' 47.47829 2.39279 198 2.4367 -0.010087384149611 0 1 1 1
 'ATH2SGN_' 49.5801 3.67454 80 2.4737 -0.0063305119646064 0 1 1 1
 'ATSTSGN_' 42.16827 9.33605 691 2.2934 0.00093763230791932 0 1 1 1
 'AUTNSGN_' 46.95384 4.28897 305 2.3883 0.0062192998469079 0 1 1 1
 'AVALSGN_' 47.494 3.9153 265 2.4088 0.012785855638519 1 0 1 0
 'AXPVSGN_' 43.49121 5.33319 180 2.423 0.015311903411903 0 1 1 1
 'BACTSGN_' 44.38768 6.64955 1151 2.1908 -0.002231871172623 0 1 1 1
 'BAL2SGN_' 47.93093 7.5403 215 2.4945 0.018644392983986 0 1 1 1
 'BEAVSGN_' 49.44611 2.10263 102 2.4397 -0.026532380530116 0 1 1 1
 'BEUGSGN_' 50.13042 2.87691 120 2.4646 0.0063401770532145 0 1 1 1
 'BLG2SGN_' 46.17177 5.57409 494 2.3001 -0.032566174019494 0 1 1 1
 'BLVRSGN_' 47.32348 6.61128 665 2.3028 -0.008963005800501 0 1 1 1
 'BRDOSGN_' 42.77462 9.47485 20 2.4874 0.032775252118376 0 1 1 1
 'BRM2SGN_' 48.7112 7.7066 151 2.477 -0.032459606466681 1 0 1 0
 'BRMFSGN_' 45.72607 4.93839 207 2.3918 0.032783890678207 0 1 1 1
 'BSCNSGN_' 47.24688 5.98938 310 2.3767 0.002871110161685 0 1 1 1
 'BUSISGN_' 50.0339 3.4687 160 2.4621 0.0045147109254762 1 0 1 0
 'BVOISGN_' 50.36946 2.23862 145 2.4608 0.0030264611867352 0 1 1 1
 'BVS2SGN_' 49.1842 5.3729 231 2.4317 0.0073945573040115 1 0 1 0
 'CACISGN_' 47.0569 3.9328 562 2.3299 -0.015172237229804 1 0 1 0
 'CALSSGN_' 50.9648 1.84353 35 2.4522 0.0026413519342476 0 1 1 1
 'CAMASGN_' 43.39618 6.33266 164 2.471 0.016731095478414 0 1 1 1
 'CAMPSGN_' 41.91824 8.79077 12 2.4936 -0.01638156229129 0 1 1 1
 'CANESGN_' 43.55457 7.01572 42 2.4982 -0.023127691270007 0 1 1 1
 'CAUDSGN_' 50.12489 3.40127 123 2.4694 0.011075236427975 0 1 1 1
 'CBRYSGN_' 45.58128 5.90921 275 2.405 -0.024583498624053 0 1 1 1
 'CERNSGN_' 46.25695 6.06056 476 2.383 0.029688600341843 0 1 1 1
 'CEVYSGN_' 49.28774 5.28713 199 2.4265 0.0020255746496516 0 1 1 1
 'CHASSGN_' 47.86268 4.55944 252 2.4051 0.024475702651083 0 1 1 1
 'CHDYSGN_' 49.71214 4.76383 162 2.4293 -0.01927218134723 0 1 1 1
 'CHLNSGN_' 49.80975 2.8016 102 2.4709 0.0068931176951996 0 1 1 1
 'CHRESGN_' 48.3718 6.2813 291 2.4251 -0.012456031864851 1 0 1 0
 'CLFDSGN_' 45.76096 3.11107 423 2.3568 -0.010897329759651 0 1 1 1
 'COAUSGN_' 49.64363 3.51777 82 2.4829 0.014277636078214 0 1 1 1
 'CROLSGN_' 45.27769 5.88897 237 2.4287 -0.030755372279013 0 1 1 1
 'CRTESGN_' 42.29887 9.15287 449 2.3836 -0.0093167079776406 0 1 1 1
 'CRVASGN_' 49.22762 2.90755 109 2.4672 -0.00056364397789821 0 1 1 1
 'DAGOSGN_' 48.798 5.3924 316 2.4198 0.0089813374285672 1 0 1 0
 'DEQUSGN_' 45.86996 6.62993 1113 2.1772 -0.01992752222512 0 1 1 1
 'DGLGSGN_' 50.99365 2.34475 12 2.5016 0.002278320210336 0 1 1 1
 'DHUISGN_' 48.39936 2.17659 160 2.4394 0.0093145081549775 0 1 1 1
 'DOCOSGN_' 49.1402 5.9345 249 2.4178 -0.013677066684459 1 0 1 0
 'MLVLSGN_' 48.84106 2.58731 116 2.4574 -0.0071579890201896 0 1 1 1
 'MNBLSGN_' 47.49583 6.80613 364 2.4025 0.0038955510686218 0 1 1 1
 'MODASGN_' 45.21378 6.71008 1128 2.1983 0.0092958418599922 0 1 1 1
 'MONSSGN_' 46.54855 3.28558 264 2.4057 -0.0069798152738474 0 1 1 1
 'MRONSGN_' 46.74723 6.3524 1316 2.1392 0.010144438151534 0 1 1 1
 'MSMMSGN_' 43.81065 6.19976 747 2.2865 0.027158954429975 0 1 1 1
 'MTBTSGN_' 48.49031 4.56401 180 2.4006 -0.041414820800464 0 1 1 1
 'MULHSGN_' 47.73942 7.32083 249 2.4893 0.026212369553735 0 1 1 1
 'NACYSGN_' 48.70222 6.14457 339 2.3996 -0.011917721443621 0 1 1 1
 'NICASGN_' 43.70326 7.22726 207 2.4787 0.0011328262791972 0 1 1 1
 'NIVOSGN_' 45.55561 5.31018 315 2.378 0.020287068375207 0 1 1 1
 'NOGTSGN_' 48.03534 5.34797 405 2.3304 -0.0035122971720347 0 1 1 1
 'OPMESGN_' 45.71288 3.08978 657 2.3025 -0.0095198186387924 0 1 1 1
 'OSANSGN_' 42.32415 8.63243 205 2.4439 0.024613216920942 0 1 1 1
 'PAMOSGN_' 46.46684 4.11764 286 2.38 -0.02217325894108 0 1 1 1
 'PAYESGN_' 46.81214 6.94394 499 2.3471 -0.010396987452335 0 1 1 1
 'PIAASGN_' 42.23501 8.62928 495 2.3523 0.021805009923639 0 1 1 1
 'POBUSGN_' 46.38278 4.16026 372 2.3562 -0.012742815102246 0 1 1 1
 'PRNYSGN_' 46.90491 6.33834 833 2.2597 0.013382518619962 0 1 1 1
 'PUYVSGN_' 45.04361 3.87887 658 2.2909 0.0068464733832814 0 1 1 1
 'PZNASGN_' 43.44774 3.41334 30 2.4663 0.0033509736718149 0 1 1 1
 'QNSNSGN_' 43.72226 6.0281 568 2.3239 0.0067865208447064 0 1 1 1
 'RAYLSGN_' 43.16051 6.49387 288 2.4277 0.033928327994846 0 1 1 1
 'RMZTSGN_' 44.42075 5.36179 465 2.3398 0.0093209028804995 0 1 1 1
 'RNNESGN_' 46.04416 4.06274 291 2.3704 0.0059061742000392 0 1 1 1
 'ROMYSGN_' 49.17377 3.76872 229 2.4276 0.027207435727815 0 1 1 1
 'ROSISGN_' 45.62515 6.85576 1826 1.9818 -0.022839207556223 0 1 1 1
 'RST2SGN_' 43.94095 5.48369 1019 2.1966 0.0057218749051176 0 1 1 1
 'RUPTSGN_' 48.42848 5.13833 208 2.3856 -0.0047500427202705 0 1 1 1
 'SARLSGN_' 49.00254 7.0313 227 2.4341 0.011577908513461 0 1 1 1
 'SARSSGN_' 41.8596 9.396 20 2.5036 0.033248271440257 0 1 1 1
 'SCDASGN_' 44.79452 3.26748 1062 2.1675 0.022956035374329 0 1 1 1
 'SCOPSGN_' 41.75414 9.10086 878 2.2556 0.0034490668608909 0 1 1 1
 'SEM2SGN_' 47.48995 4.33573 297 2.3888 0.0010613018911969 0 1 1 1
 'SET1SGN_' 43.39978 3.70182 9 2.4692 -0.012169867445509 0 1 1 1
 'SEURSGN_' 46.99427 5.15152 197 2.4017 0.0055034486468166 0 1 1 1
 'SGILSGN_' 43.67701 4.43373 41 2.4387 -0.055795771607021 0 1 1 1
 'SIRTSGN_' 48.71217 2.2085 173 2.4378 -0.00064553627716846 0 1 1 1
 'SISTSGN_' 44.22919 5.91256 513 2.3472 0.02007520953392 0 1 1 1
 'SMCRSGN_' 46.56949 5.8319 803 2.2307 -0.02062299660955 0 1 1 1
 'SMSPSGN_' 49.11517 4.58138 154 2.4266 -0.025944011513814 0 1 1 1
 'SOLRSGN_' 44.71254 5.39851 440 2.3662 0.037255729953619 0 1 1 1
 'STAZSGN_' 45.53984 5.52794 414 2.3444 0.013240986204038 0 1 1 1
 'STBXSGN_' 44.25942 4.19693 168 2.4397 -0.021157003449215 0 1 1 1
 'STF2SGN_' 45.52673 3.72704 540 2.3381 0.017340684294492 0 1 1 1
 'AIGLSGN3' 44.1214 3.58126 1567 2.0331 -0.016954607952385 0 1 1 1
 'AILTSGN3' 47.87701 3.35589 140 2.4588 -0.0014180201019278 0 1 1 1
 'AJACSGN3' 41.92746 8.76261 50 2.4612 -0.036148012307953 0 1 1 1
 'AMB2SGN3' 45.54058 3.75013 565 2.3202 -0.010895917368594 0 1 1 1
 'ANAYSGN3' 45.24033 4.68168 390 2.3316 0.027673343361458 0 1 1 1
 'ANNYSGN3' 45.89784 6.11424 471 2.3395 -0.038923893982397 0 1 1 1
 'AQUISGN3' 42.36824 13.35024 664 2.2792 -0.014966017939481 0 1 1 1
 'ATSTSGN3' 42.16827 9.33605 691 2.2852 -0.0072623676920807 0 1 1 1
 'AVALSGN3' 47.494 3.91532 265 2.4041 0.014938240075308 0 1 1 1
 'AVGNSGN3' 43.93357 4.84441 30 2.431 -0.011979339680311 0 1 1 1
 'BACTSGN3' 44.38768 6.64955 1151 2.1899 -0.0031318711726227 0 1 1 1
 'BAS2SGN3' 42.00145 9.04885 805 2.3209 0.018122310495224 0 1 1 1
 'BEAVSGN3' 49.44611 2.10263 102 2.4353 -0.030932380530117 0 1 1 1
 'BLG2SGN3' 46.17177 5.57409 494 2.3002 -0.032466174019494 0 1 1 1
 'BRDOSGN3' 42.77462 9.47485 20 2.4754 0.020775252118376 0 1 1 1
 'CACISGN3' 47.05694 3.93283 562 2.3295 -0.012076782507012 0 1 1 1
 'CALSSGN3' 50.9648 1.84353 35 2.447 -0.0025586480657522 0 1 1 1
 'CAMASGN3' 43.39618 6.33266 164 2.4661 0.011831095478414 0 1 1 1
 'CAMPSGN3' 41.91824 8.79077 12 2.4866 -0.02338156229129 0 1 1 1
 'CAUDSGN3' 50.12489 3.40127 123 2.4646 0.0062752364279755 0 1 1 1
 'CBRYSGN3' 45.58128 5.90921 275 2.4005 -0.029083498624053 0 1 1 1
 'CEVYSGN3' 49.28774 5.28713 199 2.4276 0.0031255746496517 0 1 1 1
 'CHASSGN3' 47.86268 4.55944 252 2.397 0.016375702651083 0 1 1 1
 'CHDYSGN3' 49.71214 4.76383 162 2.4292 -0.01937218134723 0 1 1 1
 'CHLNSGN3' 49.80975 2.8016 102 2.4666 0.0025931176951999 0 1 1 1
 'CHRESGN3' 48.37185 6.28129 291 2.4209 -0.0099717040009635 0 1 1 1
 'COAUSGN3' 49.64363 3.51777 82 2.4789 0.010277636078214 0 1 1 1
 'COUDSGN3' 51.02295 2.37411 12 2.4968 -0.0065910229864485 0 1 1 1
 'CROLSGN3' 45.27769 5.88897 237 2.4235 -0.035955372279012 0 1 1 1
 'CRTESGN3' 42.29887 9.15287 449 2.3764 -0.016516707977641 0 1 1 1
 'CRVASGN3' 49.22762 2.90755 109 2.462 -0.0057636439778981 0 1 1 1
 'DAGOSGN3' 48.79801 5.39243 316 2.4064 0.0033758576633254 0 1 1 1
 'DJONSGN3' 47.35544 5.045 283 2.4111 0.0037818974014443 0 1 1 1
 'DOCOSGN3' 49.14022 5.93454 249 2.4145 -0.012652530922557 0 1 1 1
 'DOJXSGN3' 48.36285 5.16052 240 2.3759 -0.0091034466772033 0 1 1 1
 'DOUASGN3' 50.3957 3.09803 32 2.4851 0.012242959841067 0 1 1 1
 'DOULSGN3' 50.1621 2.35208 67 2.4637 -0.026554435864913 0 1 1 1
 'DROUSGN3' 46.7542 4.8459 192 2.4116 0.0043714289917176 1 0 1 0
 'DRUSSGN3' 48.76741 7.95064 136 2.4807 -0.019354782492349 0 1 1 1
 'ERCKSGN3' 48.87302 7.36421 247 2.4353 0.015185126422256 0 1 1 1
 'EUSKSGN3' 50.67413 6.76353 198 2.4431 0.036340086270599 0 1 1 1
 'EZEVSGN3' 43.77443 7.49728 27 2.5483 -0.0075597256096707 0 1 1 1
 'FAYESGN3' 43.62077 6.68952 262 2.4464 -0.0017054793132325 0 1 1 1
 'FEGASGN3' 48.78487 3.3366 179 2.4329 -0.0052358644955022 0 1 1 1
 'FET2SGN3' 49.20089 3.50933 124 2.4566 -0.0059632693186233 0 1 1 1
 'FLRCSGN3' 44.3253 3.5945 555 2.2836 -0.041622299363724 1 0 1 0
 'FOUGSGN3' 47.8843 6.3654 287 2.4065 0.007087202297261 1 0 1 0
 'FRTTSGN3' 47.68034 5.56631 325 2.3668 0.0067427182696345 0 1 1 1
 'GENOSGN3' 44.41938 8.92114 110 2.5161 0.0081289850107602 0 1 1 1
 'GLRASGN3' 44.83925 4.52407 762 2.2219 -0.025906502006034 0 1 1 1
 'GRONSGN3' 47.10669 2.70821 175 2.4419 -0.016641237760374 0 1 1 1
 'HRSNSGN3' 49.92544 4.07326 186 2.4298 0.0033002641552753 0 1 1 1
 'INSASGN3' 48.58216 7.76366 163 2.4763 -0.012406516515141 0 1 1 1
 'ISLASGN3' 49.10384 2.20644 37 2.4616 -0.025471148987861 0 1 1 1
 'ISLDSGN3' 47.45375 6.58885 299 2.3949 -0.023186583928914 0 1 1 1
 'KARLSGN3' 49.01124 8.41125 135 2.4866 0.036241538746684 0 1 1 1
 'LETOSGN3' 50.51389 1.61907 17 2.4551 -0.011290673913628 0 1 1 1
 'LONSSGN3' 46.67846 5.55701 276 2.3793 0.01765914708087 0 1 1 1
 'LUCESGN3' 47.43835 7.26819 692 2.3165 -0.019017194268605 0 1 1 1
 'LUCISGN3' 42.38628 9.53086 15 2.457 -0.0093396924761651 0 1 1 1
 'LULISGN3' 46.7234 2.946 229 2.4203 -0.020704571041121 1 0 1 0
 'LUMISGN3' 42.60294 8.82738 8 2.493 0.027991190462351 0 1 1 1
 'LURISGN3' 42.88842 9.47595 5 2.4743 0.020875748504516 0 1 1 1
 'MARGSGN3' 46.08442 6.5107 473 2.3691 -0.032417631762584 0 1 1 1
 'MAULSGN3' 41.51485 9.01506 154 2.4735 0.035636404489077 0 1 1 1
 'MAZGSGN3' 50.60212 2.40509 35 2.4941 -0.01003356233208 0 1 1 1
 'MDEUSGN3' 40.88976 9.16257 528 2.3735 -0.032110473873937 0 1 1 1
 'MELNSGN3' 48.53949 2.67248 84 2.4614 -0.016049225422907 0 1 1 1
 'MGISSGN3' 47.97581 2.71381 102 2.4578 -0.023432068585393 0 1 1 1
 'MNTPSGN3' 43.64623 3.86912 54 2.4587 -0.0042314189506807 0 1 1 1
 'MODASGN3' 45.21378 6.71008 1128 2.1987 0.0096958418599922 0 1 1 1
 'MRONSGN3' 46.74723 6.3524 1316 2.1327 0.0036444381515337 0 1 1 1
 'MSMMSGN3' 43.81065 6.19976 747 2.2799 0.020558954429975 0 1 1 1
 'MTBTSGN3' 48.49031 4.56401 180 2.4013 -0.040714820800464 0 1 1 1
 'MTP2SGN3' 43.63876 3.86411 79 2.4508 -0.0042752955781387 0 1 1 1
 'MULHSGN3' 47.73942 7.32083 249 2.4787 0.015612369553735 0 1 1 1
 'NACYSGN3' 48.70222 6.14457 339 2.3956 -0.015917721443621 0 1 1 1
 'NIVOSGN3' 45.5556 5.3102 315 2.3722 0.013789966630561 1 0 1 0
 'OSANSGN3' 42.32415 8.63243 205 2.435 0.015713216920942 0 1 1 1
 'PDOMSGN3' 45.77212 2.96456 1462 2.0708 -0.036634758868665 0 1 1 1
 'PERXSGN3' 46.96006 6.45622 1083 2.1901 0.0073216260399112 0 1 1 1
 'PIAASGN3' 42.23501 8.62928 495 2.3512 0.020705009923639 0 1 1 1
 'PICOSGN3' 41.47275 9.06462 11 2.5454 0.064591396082754 0 1 1 1
 'POBUSGN3' 46.38278 4.16026 372 2.3518 -0.017142815102246 0 1 1 1
 'PRIESGN3' 43.27676 5.37271 137 2.4321 0.0029010098035425 0 1 1 1
 'PRNYSGN3' 46.90491 6.33834 833 2.2501 0.0037825186199618 0 1 1 1
 'PZNASGN3' 43.44774 3.41334 30 2.4676 0.004650973671815 0 1 1 1
 'RAYLSGN3' 43.16051 6.49387 288 2.4193 0.025528327994846 0 1 1 1
 'RNNESGN3' 46.04416 4.06274 291 2.3675 0.0030061742000393 0 1 1 1
 'ROSDSGN3' 45.69149 6.62822 1642 2.0448 -0.03839462381861 0 1 1 1
 'ROSISGN3' 45.62515 6.85576 1826 1.9793 -0.025339207556223 0 1 1 1
 'RST2SGN3' 43.94095 5.48369 1019 2.1935 0.0026218749051172 0 1 1 1
 'SARLSGN3' 49.00254 7.0313 227 2.4317 0.0091779085134616 0 1 1 1
 'SARSSGN3' 41.8596 9.396 20 2.4954 0.025048271440257 0 1 1 1
 'SCDASGN3' 44.7945 3.2675 1062 2.1614 0.0082060344775181 1 0 1 0
 'SCOPSGN3' 41.75414 9.10086 878 2.2395 -0.012650933139109 0 1 1 1
 'SCYRSGN3' 43.18615 5.71624 42 2.4851 0.011442825552169 0 1 1 1
 'SEURSGN3' 46.99427 5.15152 197 2.4036 0.0074034486468166 0 1 1 1
 'SGILSGN3' 43.67701 4.43373 41 2.4378 -0.05669577160702 0 1 1 1
 'SMSPSGN3' 49.11517 4.58138 154 2.4183 -0.034244011513815 0 1 1 1
 'SOLRSGN3' 44.7125 5.3985 440 2.3598 0.040607322959812 1 0 1 0
 'STBXSGN3' 44.25942 4.19693 168 2.428 -0.032857003449215 0 1 1 1
 'STPSSGN3' 46.30843 3.29398 251 2.4102 -0.0072802859787777 0 1 1 1
 'STV2SGN3' 44.56694 6.10624 762 2.2804 0.014016743829663 0 1 1 1
 'TANZSGN3' 48.25491 7.4626 183 2.496 0.023597008773941 0 1 1 1
 'THILSGN3' 49.25613 3.95443 95 2.4507 0.0085820564168291 0 1 1 1
 'UCAGSGN3' 39.22803 9.11013 89 2.4622 0.017424020904858 0 1 1 1
 'UNIXSGN3' 45.3997 4.2614 454 2.3433 0.0035153222826971 1 0 1 0
 'VILDSGN3' 45.0732 5.54573 971 2.1823 -0.019025010465175 0 1 1 1
 'VIRGSGN3' 43.63083 10.50131 6 2.4978 -0.0068923848940989 0 1 1 1
 'VITYSGN3' 48.77393 2.37557 101 2.4485 -0.014433404250548 0 1 1 1
 'VOURSGN3' 45.66159 4.78075 274 2.3669 0.032792985157857 0 1 1 1
 'WLBHSGN3' 48.41517 7.35129 770 2.2849 -0.012786630220635 0 1 1 1
 'AGDEASIC' 43.29639 3.46643 16 2.4584 -0.0073212642958063 0 1 1 1
 'AIGLASIC' 44.12139 3.58128 1567 2.0369 -0.013153278239045 0 1 1 1
 'AILTASIC' 47.87703 3.35589 140 2.4619 0.0016797946396201 0 1 1 1
 'AJACASIC' 41.92745 8.76261 51 2.4706 -0.026379679941817 0 1 1 1
 'AMB2ASIC' 45.54058 3.75014 565 2.318 -0.013102045556593 0 1 1 1
 'ANAYASIC' 45.2403 4.6817 390 2.3331 0.024668111456229 1 0 1 0
 'AQUIASIC' 42.36824 13.35025 665 2.278 -0.015847263788073 0 1 1 1
 'ATSTASIC' 42.1683 9.3361 691 2.2918 -0.0007227800326608 1 0 1 0
 'AUBGASIC' 48.4213 10.9213 462 2.3623 0.029513244280631 0 1 1 1
 'AUTNASIC' 46.95384 4.28898 305 2.386 0.0039201460653726 0 1 1 1
 'AXPVASIC' 43.49121 5.33319 178 2.4193 0.010945269552302 0 1 1 1
 'BACTASIC' 44.3877 6.64956 1151 2.1896 -0.0034346164798 0 1 1 1
 'BADHASIC' 50.22798 8.60986 213 2.3791 -0.0082308600648071 0 1 1 1
 'BEAVASIC' 49.44611 2.10264 102 2.4361 -0.030132964140683 0 1 1 1
 'BLG2ASIC' 46.17178 5.5741 495 2.2935 -0.03884420556249 0 1 1 1
 'BLVRASIC' 47.3235 6.6113 665 2.2968 -0.02365980478431 1 0 1 0
 'BOR1ASIC' 52.27697 17.07347 89 2.4116 0.0011192626657532 0 1 1 1
 'BRDOASIC' 42.7746 9.4749 20 2.4776 0.0025580664158258 1 0 1 0
 'BRMFASIC' 45.72608 4.9384 207 2.3888 0.029782139375843 0 1 1 1
 'BRUXASIC' 50.79807 4.35857 113 2.4489 -0.016406022827599 0 1 1 1
 'BSCNASIC' 47.24688 5.98939 311 2.3673 -0.006196232768783 0 1 1 1
 'BUTEASIC' 47.48095 19.05653 135 2.3934 0.004265726097461 0 1 1 1
 'BYDGASIC' 53.13456 17.99363 74 2.4291 -0.0004773099224229 0 1 1 1
 'BZR2ASIC' 46.49579 11.33825 282 2.4363 0.047570739532428 0 1 1 1
 'CAKOASIC' 46.38711 16.43908 176 2.3934 -0.00082682081110175 0 1 1 1
 'CAMAASIC' 43.39619 6.33267 164 2.4684 0.014132216016835 0 1 1 1
 'CAMPASIC' 41.9182 8.7908 12 2.4911 -0.033249833472497 1 0 1 0
 'CAUDASIC' 50.12489 3.40128 123 2.4628 0.0044757285034289 0 1 1 1
 'CBRYASIC' 45.5813 5.9092 275 2.4007 -0.028332780083918 1 0 1 0
 'CBW1ASIC' 51.96954 4.92618 2 2.4788 -0.0066351553081514 0 1 1 1
 'CERNASIC' 46.25696 6.06057 476 2.3835 0.030190623100606 0 1 1 1
 'CEVYASIC' 49.28775 5.28714 199 2.4254 0.000926637933504 0 1 1 1
 'CFRMASIC' 49.68479 18.35318 329 2.3201 0.0021963021838856 0 1 1 1
 'CHASASIC' 47.8627 4.5594 252 2.3962 0.008615661770274 1 0 1 0
 'CHLNASIC' 49.80975 2.80161 102 2.4659 0.0018932176682194 0 1 1 1
 'CLFDASIC' 45.76097 3.11108 423 2.3555 -0.012192041280436 0 1 1 1
 'COAUASIC' 49.64364 3.51778 82 2.4778 0.0091764917834425 0 1 1 1
 'COMOASIC' 45.80217 9.09563 247 2.4635 -0.025159414455293 0 1 1 1
 'CPARASIC' 50.03955 15.78325 237 2.3409 0.00053059825595625 0 1 1 1
 'CRAKASIC' 50.1024 13.7292 336 2.3231 -0.013122267349162 1 0 1 0
 'CROLASIC' 45.27769 5.88897 238 2.4298 -0.029310546899408 0 1 1 1
 'CRTEASIC' 42.29886 9.15286 449 2.3821 -0.010818499779543 0 1 1 1
 'CTABASIC' 49.4098 14.68022 447 2.2972 0.002864347357773 0 1 1 1
 'DELFASIC' 51.98612 4.38759 31 2.4894 -0.020020093634382 0 1 1 1
 'DENTASIC' 50.93371 3.39968 20 2.4946 -0.0063885215744395 0 1 1 1
 'DEVAASIC' 45.87842 22.91354 204 2.3406 -0.0026229224193433 0 1 1 1
 'DGLGASIC' 50.99365 2.34475 12 2.4942 -0.0051216797896636 0 1 1 1
 'DIEPASIC' 52.5881 8.3422 39 2.4212 0.012965015599216 1 0 1 0
 'DILLASIC' 49.37157 6.69968 180 2.4453 0.00065227444023952 0 1 1 1
 'DLF1ASIC' 51.98602 4.38747 32 2.4868 -0.022294229750155 0 1 1 1
 'DOCOASIC' 49.14022 5.93456 249 2.4156 -0.011552446041725 0 1 1 1
 'DOJXASIC' 48.36286 5.16053 240 2.3702 -0.014800326974621 0 1 1 1
 'DOULASIC' 50.16211 2.35208 67 2.4607 -0.029554427299149 0 1 1 1
 'DOURASIC' 50.09488 4.59496 237 2.3885 -0.044279080993425 0 1 1 1
 'DRUSASIC' 48.7674 7.9506 136 2.4755 -0.02911309721819 1 0 1 0
 'DUNQASIC' 51.04807 2.36669 9 2.4983 -0.0047675703813543 0 1 1 1
 'EIJSASIC' 50.75824 5.68362 57 2.4472 0.00011501974431161 0 1 1 1
 'ENTZASIC' 48.54936 7.63991 156 2.4759 -0.0092439400486071 0 1 1 1
 'EQH2ASIC' 50.68035 1.56755 45 2.4427 -0.0031687544276289 0 1 1 1
 'ERCKASIC' 48.873 7.3642 247 2.4323 0.0044568726751422 1 0 1 0
 'ETOIASIC' 48.57322 7.75228 185 2.4705 -0.0095835790493819 0 1 1 1
 'EUSKASIC' 50.6741 6.7635 198 2.4382 0.02033257504864 1 0 1 0
 'EZEVASIC' 43.7744 7.4973 27 2.5486 -0.0079585613822255 1 0 1 0
 'FAYEASIC' 43.62078 6.68953 262 2.4456 -0.0025080305748886 0 1 1 1
 'FFMJASIC' 50.09058 8.66497 130 2.4015 -0.0083209249363922 0 1 1 1
 'FIEDASIC' 46.77272 5.71486 550 2.2865 -0.0049595066243611 0 1 1 1
 'FLRCASIC' 44.32528 3.5945 555 2.2798 -0.036868966153556 0 1 1 1
 'FRTTASIC' 47.68033 5.56631 325 2.3639 0.0038430886756995 0 1 1 1
 'GDIJASIC' 47.33272 5.04475 267 2.4073 -0.0024082986183278 0 1 1 1
 'GELLASIC' 53.45027 14.32181 45 2.4119 0.010964148249511 0 1 1 1
 'GENOASIC' 44.41939 8.92114 111 2.5091 0.0014930272953424 0 1 1 1
 'GLRAASIC' 44.8392 4.5241 762 2.2198 -0.033013873130935 1 0 1 0
 'GOETASIC' 51.50022 9.95057 169 2.3722 0.0035837314208318 0 1 1 1
 'GOPEASIC' 49.91371 14.78563 548 2.2648 -0.00066318592483006 0 1 1 1
 'GOR2ASIC' 53.04971 11.34961 21 2.4197 0.010120896070237 0 1 1 1
 'GRACASIC' 43.75449 6.92077 1270 2.144 -0.031870989052137 0 1 1 1
 'GRASASIC' 43.75474 6.92058 1269 2.1415 -0.034780669316814 0 1 1 1
 'GRAZASIC' 47.06713 15.49349 493 2.3034 0.0085569071160321 0 1 1 1
 'GRONASIC' 47.10669 2.70822 175 2.4441 -0.014441175032063 0 1 1 1
 'GSR1ASIC' 46.04814 14.54372 305 2.4286 0.00064165063994581 0 1 1 1
 'GWWLASIC' 52.73797 15.20521 91 2.404 0.030290354793566 0 1 1 1
 'HOBUASIC' 53.0506 10.4763 111 2.39 -0.0037411324800551 1 0 1 0
 'HRSNASIC' 49.92545 4.07328 187 2.4317 0.0055469445575458 0 1 1 1
 'IENGASIC' 45.01513 7.6394 269 2.448 0.0036800087357975 0 1 1 1
 'IJMUASIC' 52.462 4.5561 11 2.4983 -0.0058402887303841 1 0 1 0
 'ISLAASIC' 49.10383 2.20644 37 2.4621 -0.024971647878167 0 1 1 1
 'JOZ2ASIC' 52.09784 21.03236 121 2.4175 0.010674808427504 0 1 1 1
 'JOZEASIC' 52.09728 21.03155 110 2.4224 0.011954011900544 0 1 1 1
 'KARLASIC' 49.01125 8.41126 135 2.4839 0.03354318138314 0 1 1 1
 'KATOASIC' 50.25327 19.03564 290 2.3376 0.0086987238461003 0 1 1 1
 'KOS1ASIC' 52.17336 5.81823 62 2.4419 -0.025859252329231 0 1 1 1
 'KRA1ASIC' 50.06611 19.92044 227 2.3506 0.0004454578157933 0 1 1 1
 'KUNZASIC' 49.1073 15.2009 655 2.241 -0.014447458389322 1 0 1 0
 'LDB2ASIC' 52.2091 14.1209 120 2.3704 0.0032719535686252 1 0 1 0
 'LEIJASIC' 51.35398 12.3741 134 2.3829 0.0032694571915988 0 1 1 1
 'LETOASIC' 50.51389 1.61907 18 2.457 -0.0090272621342979 0 1 1 1
 'LIL2ASIC' 50.61351 3.13596 51 2.4899 0.017298899249364 0 1 1 1
 'LINZASIC' 48.30978 14.28307 289 2.347 0.0051378577447068 0 1 1 1
 'LODZASIC' 51.77871 19.4595 225 2.3583 -0.0088518800867754 0 1 1 1
 'LONSASIC' 46.67846 5.55702 276 2.376 0.014358089635401 0 1 1 1
 'LUCEASIC' 47.43835 7.2682 692 2.3151 -0.020418627212787 0 1 1 1
 'LUCIASIC' 42.38628 9.53086 15 2.4627 -0.003639692476165 0 1 1 1
 'LURIASIC' 42.8884 9.4759 5 2.4808 0.0058845818088975 1 0 1 0
 'M0SEASIC' 41.89311 12.49326 71 2.4775 0.028759402347367 0 1 1 1
 'MARGASIC' 46.08442 6.51071 474 2.3698 -0.03138784799541 0 1 1 1
 'MARSASIC' 43.27877 5.35379 12 2.4861 0.012831308588462 0 1 1 1
 'MAT1ASIC' 40.64907 16.70455 489 2.3313 0.0097103419840372 0 1 1 1
 'MATEASIC' 40.64914 16.70447 490 2.3278 0.0065179997351534 0 1 1 1
 'MATGASIC' 40.64902 16.70465 490 2.3269 0.005619647275632 0 1 1 1
 'MAULASIC' 41.5149 9.0151 154 2.4894 0.045953897617256 1 0 1 0
 'MEDIASIC' 44.51996 11.64682 10 2.5495 -0.015559776122382 0 1 1 1
 'MELNASIC' 48.5395 2.6725 84 2.4639 -0.014168979766163 1 0 1 0
 'MGISASIC' 47.9758 2.7138 102 2.4596 -0.02400461774141 1 0 1 0
 'MICHASIC' 43.9242 5.7174 577 2.3191 -0.0087670490272584 1 0 1 0
 'MLVLASIC' 48.84106 2.58732 116 2.452 -0.012558198354867 0 1 1 1
 'MODAASIC' 45.21378 6.71009 1129 2.2056 0.016884730375907 0 1 1 1
 'MOPSASIC' 44.62937 10.94917 42 2.5401 -0.0070149307348908 0 1 1 1
 'MRONASIC' 46.74725 6.35242 1316 2.133 0.0039379181493779 0 1 1 1
 'MSMMASIC' 43.8107 6.1997 747 2.281 0.014994524032771 1 0 1 0
 'MTBTASIC' 48.49031 4.56403 180 2.3944 -0.047615471172027 0 1 1 1
 'NICAASIC' 43.70328 7.22728 207 2.4746 -0.0029695314831195 0 1 1 1
 'OBE4ASIC' 48.08481 11.27786 605 2.3261 0.0046195431005289 0 1 1 1
 'OPMEASIC' 45.71289 3.08978 657 2.2978 -0.014218717611376 0 1 1 1
 'ORIDASIC' 41.12731 20.79405 728 2.2615 -0.0010742068307157 0 1 1 1
 'OROSASIC' 46.55522 20.67133 104 2.3874 0.018165807395698 0 1 1 1
 'OSANASIC' 42.32417 8.63244 205 2.4437 0.024414388023019 0 1 1 1
 'PAYEASIC' 46.81214 6.94394 497 2.342 -0.016178107826748 0 1 1 1
 'PENCASIC' 47.78961 19.28153 248 2.3504 0.010085527692431 0 1 1 1
 'PIAAASIC' 42.23503 8.62928 494 2.3535 0.022670419817289 0 1 1 1
 'POBUASIC' 46.38278 4.16028 372 2.3478 -0.021136535816629 0 1 1 1
 'POREASIC' 45.226 13.595 22 2.576 0.013986453620141 1 0 1 0
 'POTSASIC' 52.3793 13.0661 104 2.3898 0.008632609338362 0 1 1 1
 'POZEASIC' 45.33283 17.67547 167 2.4216 0.012831196501965 0 1 1 1
 'PRATASIC' 43.88556 11.09912 75 2.4886 0.027967557692248 0 1 1 1
 'PRNYASIC' 46.90492 6.33835 833 2.254 0.0076815183771752 0 1 1 1
 'PTBBASIC' 52.29619 10.45975 87 2.3991 0.013211906203144 0 1 1 1
 'PUYVASIC' 45.04362 3.87888 657 2.2856 0.0012403797541025 0 1 1 1
 'PZNAASIC' 43.4477 3.4133 30 2.467 -0.0028857886884568 1 0 1 0
 'RAYLASIC' 43.1605 6.4939 288 2.4193 0.01084768200778 1 0 1 0
 'ROSIASIC' 45.62514 6.85578 1826 1.9764 -0.02824617196601 0 1 1 1
 'RST2ASIC' 43.94097 5.48369 1019 2.193 0.0021156969076825 0 1 1 1
 'SARLASIC' 49.00256 7.03131 227 2.429 0.006481296829409 0 1 1 1
 'SARSASIC' 41.85961 9.39603 19 2.4956 0.024888369378888 0 1 1 1
 'SBG2ASIC' 47.80342 13.11044 1278 2.0944 -0.0019967886251329 0 1 1 1
 'SCDAASIC' 44.79453 3.2675 1062 2.1613 0.016759206881957 0 1 1 1
 'SEURASIC' 46.9943 5.1515 197 2.3962 -0.0061944332376056 1 0 1 0
 'SGILASIC' 43.67703 4.43375 41 2.4397 -0.054788168191354 0 1 1 1
 'SMSPASIC' 49.11519 4.58139 154 2.4161 -0.036441871357597 0 1 1 1
 'SPRNASIC' 47.68364 16.58306 234 2.3608 0.013689927523166 0 1 1 1
 'SRJVASIC' 43.86785 18.41389 599 2.3183 0.038726253373928 0 1 1 1
 'STBXASIC' 44.2594 4.1969 168 2.429 -0.045155441556539 1 0 1 0
 'STV2ASIC' 44.56694 6.10625 762 2.2785 0.012115820120838 0 1 1 1
 'SULPASIC' 49.83559 24.01449 338 2.305 -0.00077596471090979 0 1 1 1
 'TANZASIC' 48.25492 7.46261 183 2.4932 0.020797822381163 0 1 1 1
 'TIT2ASIC' 51.0352 6.4316 110 2.4369 0.025071374344741 1 0 1 0
 'TRF2ASIC' 47.92797 15.85892 1046 2.138 0.014922264257835 0 1 1 1
 'TRYSASIC' 48.29425 4.01182 122 2.4471 -0.010677598288286 0 1 1 1
 'TUBOASIC' 49.20589 16.59283 280 2.3498 0.0044517364995524 0 1 1 1
 'UCAGASIC' 39.22803 9.11014 88 2.459 0.013900958815085 0 1 1 1
 'USALASIC' 40.33492 18.11149 28 2.465 0.014368527421719 0 1 1 1
 'USDLASIC' 49.43291 22.58577 493 2.2764 0.011957159803893 0 1 1 1
 'VEN1ASIC' 45.43057 12.35408 17 2.5596 -0.013445950943055 0 1 1 1
 'VIRGASIC' 43.63083 10.50133 6 2.5006 -0.0040932724189813 0 1 1 1
 'VLISASIC' 51.4429 3.5973 10 2.5049 0.0096007959578213 1 0 1 0
 'VOURASIC' 45.66158 4.78075 274 2.3638 0.029692484223984 0 1 1 1
 'WAREASIC' 50.68988 5.24532 142 2.4288 -0.023631671756489 0 1 1 1
 'WROCASIC' 51.11326 17.06205 141 2.391 0.010920726606367 0 1 1 1
 'WSRTASIC' 52.91462 6.60451 41 2.4401 -0.0018774659221736 0 1 1 1
 'WTZRASIC' 49.1442 12.87891 619 2.2751 0.022954478426884 0 1 1 1
 'WTZZASIC' 49.14421 12.87891 619 2.2744 0.022253759186531 0 1 1 1
 'ZADAASIC' 44.11317 15.22758 21 2.5394 -0.016727435679585 0 1 1 1
 'ZIM2ASIC' 46.8771 7.46504 908 2.2468 0.012235796637355 0 1 1 1
 'ZIMMASIC' 46.87711 7.46528 908 2.2461 0.011535706474025 0 1 1 1
 'ZOUFASIC' 46.55722 12.97355 1898 1.9888 0.0072004282259124 0 1 1 1
 'ZYWIASIC' 49.68669 19.20595 369 2.3102 0.0083911027399917 0 1 1 1
 'AQUIASI_' 42.36824 13.35025 664 2.2767 -0.01746798010879 0 1 1 1
 'ASIRASI_' 41.85469 12.61803 66 2.4844 0.0084589803479829 0 1 1 1
 'AUTNASI_' 46.95384 4.28898 305 2.3892 0.0071201460653727 0 1 1 1
 'AXPVASI_' 43.49121 5.3332 180 2.4178 0.010111607883278 0 1 1 1
 'BADHASI_' 50.22798 8.60986 213 2.3861 -0.0012308600648074 0 1 1 1
 'BAJAASI_' 43.90368 7.71893 873 2.293 0.024814790635513 0 1 1 1
 'BAUTASI_' 51.19234 14.52174 169 2.3739 0.0067145039449756 0 1 1 1
 'BENEASI_' 41.1215 14.778 135 2.4221 -0.0023078120882905 1 0 1 0
 'BEVEASI_' 44.1941 9.7692 99 2.5209 0.029568327097691 1 0 1 0
 'BME1ASI_' 47.47902 19.0577 135 2.3933 0.0041219816874221 0 1 1 1
 'BOR1ASI_' 52.27696 17.07346 89 2.4154 0.0049196554017934 0 1 1 1
 'BSCNASI_' 47.24688 5.98939 311 2.3658 -0.0076962327687831 0 1 1 1
 'BSVZASI_' 45.64281 13.87524 403 2.4432 0.006926375437228 0 1 1 1
 'BUTEASI_' 47.48095 19.05654 137 2.3956 0.0070800357535639 0 1 1 1
 'BZR2ASI_' 46.4958 11.3382 282 2.4477 0.058978818046479 0 1 1 1
 'CAKOASI_' 46.3871 16.4391 176 2.3963 -0.0077315261267752 1 0 1 0
 'CAMNASI_' 44.4053 8.2805 344 2.429 -0.022966845011552 1 0 1 0
 'CHIVASI_' 44.3203 9.3235 26 2.5504 0.024337498448163 1 0 1 0
 'CIMOASI_' 44.19351 10.70087 2168 1.9137 -0.013596070010946 0 1 1 1
 'CMELASI_' 43.95796 8.17004 222 2.4588 -0.0014449939024237 0 1 1 1
 'CUGAASI_' 40.61007 8.45 139 2.4561 0.0097535382447522 0 1 1 1
 'DUB2ASI_' 42.65017 18.11032 417 2.3654 0.014287273980945 0 1 1 1
 'ENTZASI_' 48.54936 7.63991 156 2.4784 -0.0067439400486071 0 1 1 1
 'ENZAASI_' 44.90734 9.73659 133 2.5176 0.011948518657316 0 1 1 1
 'ETP1ASI_' 40.44096 9.45343 433 2.3804 0.0084744609677125 0 1 1 1
 'ETP2ASI_' 40.52338 9.3489 768 2.2753 -0.028797361469109 0 1 1 1
 'ETP3ASI_' 40.5776 9.46581 718 2.2905 0.010372317505317 0 1 1 1
 'EUSKASI_' 50.67413 6.76354 198 2.4235 0.016740803283108 0 1 1 1
 'FRNEASI_' 41.64485 13.30093 183 2.4517 0.0277826707746 0 1 1 1
 'GARIASI_' 44.6769 12.24944 7 2.5445 -0.027659956105882 0 1 1 1
 'GENOASI_' 44.41939 8.92115 111 2.5147 0.0070932322695341 0 1 1 1
 'GENUASI_' 44.4027 8.9593 83 2.5241 0.00087408252469423 1 0 1 0
 'GJMLASI_' 44.02456 20.46016 345 2.3461 0.00066572028211764 0 1 1 1
 'GOPEASI_' 49.91371 14.78563 548 2.266 0.00053681407516981 0 1 1 1
 'GRACASI_' 43.75449 6.92077 1269 2.1426 -0.033574388316925 0 1 1 1
 'GRASASI_' 43.7547 6.9206 1269 2.1434 -0.020847576983248 1 0 1 0
 'GRAZASI_' 47.06713 15.49348 493 2.3017 0.0068567759044087 0 1 1 1
 'HOBUASI_' 53.05063 10.47631 111 2.3927 0.0094492167708502 0 1 1 1
 'IGM2ASI_' 43.79581 11.21394 49 2.4879 0.0299475949437 0 1 1 1
 'IGMIASI_' 43.79565 11.2138 49 2.4832 0.025315837177763 0 1 1 1
 'JOZEASI_' 52.09728 21.03154 110 2.4274 0.016953289856355 0 1 1 1
 'KARLASI_' 49.01125 8.41126 135 2.4826 0.03224318138314 0 1 1 1
 'LCRAASI_' 41.42643 15.43824 150 2.4338 0.0097780711638134 0 1 1 1
 'LDB2ASI_' 52.20913 14.12093 120 2.376 0.016249183217274 0 1 1 1
 'LIGNASI_' 45.78993 7.47773 1672 2.0345 -0.0022496285216875 0 1 1 1
 'LIL2ASI_' 50.61351 3.13596 51 2.4846 0.011998899249364 0 1 1 1
 'LINZASI_' 48.30978 14.28306 289 2.35 0.0081374404074812 0 1 1 1
 'LOANASI_' 44.11916 8.25037 23 2.5343 -0.010250733667127 0 1 1 1
 'M0SEASI_' 41.89312 12.49326 72 2.469 0.02058350406495 0 1 1 1
 'MAR3ASI_' 41.3733 16.1489 17 2.4729 -0.01542208052197 1 0 1 0
 'MARSASI_' 43.27877 5.35379 12 2.4843 0.011031308588462 0 1 1 1
 'MAT1ASI_' 40.64906 16.70455 489 2.3232 0.0016098874460324 0 1 1 1
 'MATEASI_' 40.64914 16.70446 490 2.3238 0.0025176054241665 0 1 1 1
 'MATGASI_' 40.64906 16.70455 489 2.3486 0.027009887446032 0 1 1 1
 'MDEUASI_' 40.88977 9.16258 528 2.3562 -0.049403239538927 0 1 1 1
 'MEDIASI_' 44.51996 11.64682 10 2.5454 -0.019659776122383 0 1 1 1
 'MLVLASI_' 48.84106 2.58732 116 2.4513 -0.013258198354867 0 1 1 1
 'MMETASI_' 40.3897 16.7864 17 2.4873 -0.010224349140384 1 0 1 0
 'NAPOASI_' 40.87 14.276 80 2.4364 -0.018602276323424 1 0 1 0
 'NPAZASI_' 43.13965 20.5193 504 2.2936 -0.016659825804486 0 1 1 1
 'ORIDASI_' 41.12731 20.79405 731 2.2654 0.0038038200211985 0 1 1 1
 'ORTEASI_' 42.47502 12.33968 70 2.4669 -0.0031357568607828 0 1 1 1
 'PALBASI_' 41.14194 16.78371 18 2.4834 0.01213961514657 0 1 1 1
 'PENCASI_' 47.7896 19.28153 248 2.3588 0.018485626597389 0 1 1 1
 'POGGASI_' 40.9166 16.2538 474 2.3297 -0.012160604810872 1 0 1 0
 'POPIASI_' 43.366 13.67397 142 2.4632 -0.0028380651216815 0 1 1 1
 'POREASI_' 45.22602 13.59505 22 2.5709 0.0084876939483212 0 1 1 1
 'POTSASI_' 52.3793 13.0661 104 2.3939 0.012732609338362 0 1 1 1
 'POZEASI_' 45.33282 17.67547 167 2.4207 0.011930267198163 0 1 1 1
 'PRATASI_' 43.88557 11.09913 75 2.4867 0.026064396598553 0 1 1 1
 'PTBBASI_' 52.29619 10.45975 87 2.4024 0.016511906203144 0 1 1 1
 'PUYVASI_' 45.04362 3.87888 657 2.2752 -0.0091596202458977 0 1 1 1
 'RIVOASI_' 45.98214 13.04825 55 2.5318 -0.0014124985780577 0 1 1 1
 'SABAASI_' 44.75957 19.69669 97 2.4235 0.020988599440576 0 1 1 1
 'SARTASI_' 39.49012 9.24543 603 2.3226 0.0063218271550167 0 1 1 1
 'SBG2ASI_' 47.80342 13.11043 1278 2.097 0.00060317872532245 0 1 1 1
 'SID0ASI_' 45.12867 19.22609 120 2.3955 0.0093295260156587 0 1 1 1
 'SPCIASI_' 41.7404 15.2595 197 2.4172 -0.025597540166861 1 0 1 0
 'SRJVASI_' 43.86786 18.4139 599 2.3205 0.040926377442507 0 1 1 1
 'SULPASI_' 49.83559 24.01449 344 2.307 0.003049342148389 0 1 1 1
 'SVLLASI_' 39.3143 16.75122 1171 2.1148 0.0007515250874377 0 1 1 1
 'TOPPASI_' 40.81779 15.46431 1247 2.1137 0.0002241293807872 0 1 1 1
 'TREUASI_' 46.06739 11.14464 340 2.4324 0.055286178375964 0 1 1 1
 'TRMIASI_' 42.00458 14.98829 28 2.4734 -0.0044283116496593 0 1 1 1
 'TUBOASI_' 49.20589 16.59284 280 2.3609 0.015551944405734 0 1 1 1
 'UCAGASI_' 39.22803 9.11014 88 2.4701 0.025000958815085 0 1 1 1
 'UGENASI_' 39.9277 18.162 114 2.4561 -0.00485158208103 1 0 1 0
 'USALASI_' 40.33492 18.11149 29 2.46 0.0097140044908253 0 1 1 1
 'VALZASI_' 41.0164 16.9045 161 2.4281 0.00021308983306723 1 0 1 0
 'VEN1ASI_' 45.4306 12.3541 17 2.5612 -0.031535352993744 1 0 1 0
 'VIGNASI_' 42.08091 12.21108 259 2.4215 0.031525125052568 0 1 1 1
 'VIRGASI_' 43.63083 10.50132 6 2.4961 -0.0085928286702259 0 1 1 1
 'WROCASI_' 51.11326 17.06204 141 2.3933 0.013221245509811 0 1 1 1
 'ZADAASI_' 44.1132 15.2276 21 2.5394 -0.021602702512455 1 0 1 0
 'ZOUFASI_' 46.55722 12.97356 1898 1.9944 0.012800603261062 0 1 1 1
 'GOE3GF1G' 51.1625 14.9504 241 2.3478 0.0072221678126376 1 0 1 0
 'HOHEGF1G' 47.80135 11.00967 991 2.1954 0.0023828473936396 0 1 1 1
 'IFU1GF1G' 47.47644 11.06317 746 2.302 0.02673916786233 0 1 1 1
 'OBE4GF1G' 48.0848 11.27785 604 2.3256 0.0038120700362319 0 1 1 1
 'OEHRGF1G' 49.2071 9.5176 281 2.4394 0.01722865251036 1 0 1 0
 'POTMGF1G' 52.37927 13.06609 104 2.3913 0.010132153506045 0 1 1 1
 'POTSGF1G' 52.3793 13.06609 104 2.3927 0.011532664384907 0 1 1 1
 'WEIDGF1G' 49.66634 12.18453 441 2.3378 0.011000199037984 0 1 1 1
 'WUE2GF1G' 49.7705 9.9576 275 2.4159 -0.0069085832486668 1 0 1 0
 'AJACGF1G' 41.92745 8.76261 51 2.4771 -0.019879679941817 0 1 1 1
 'FFMJGF1G' 50.09058 8.66497 130 2.4051 -0.0047209249363922 0 1 1 1
 'GENOGF1G' 44.41939 8.92114 111 2.5098 0.0021930272953421 0 1 1 1
 'GOPEGF1G' 49.9137 14.78562 546 2.2684 0.0023634987751802 0 1 1 1
 'GRASGF1G' 43.75474 6.92057 1268 2.145 -0.031587405280248 0 1 1 1
 'GRAZGF1G' 47.06713 15.49348 490 2.3034 0.0076760674565906 0 1 1 1
 'JOZEGF1G' 52.09727 21.03154 111 2.4259 0.015766332852877 0 1 1 1
 'LEIJGF1G' 51.35398 12.3741 134 2.3861 0.0064694571915989 0 1 1 1
 'MARSGF1G' 43.27877 5.35379 12 2.4818 0.0085313085884615 0 1 1 1
 'MATEGF1G' 40.64913 16.70446 490 2.3312 0.0099171500736919 0 1 1 1
 'MEDIGF1G' 44.51996 11.64682 9 2.5491 -0.016308925755695 0 1 1 1
 'ORIDGF1G' 41.12731 20.79405 728 2.2613 -0.0012742068307157 0 1 1 1
 'PENCGF1G' 47.7896 19.2815 246 2.3526 0.0035814635932172 1 0 1 0
 'PTBBGF1G' 52.29619 10.45975 87 2.403 0.017111906203144 0 1 1 1
 'SULPGF1G' 49.83559 24.01449 338 2.3071 0.0013240352890902 0 1 1 1
 'WROCGF1G' 51.11326 17.06204 140 2.393 0.012604625589715 0 1 1 1
 'WSRTGF1G' 52.9146 6.6045 41 2.4425 -0.00060643152921669 1 0 1 0
 'WTZRGF1G' 49.1442 12.87891 619 2.2791 0.026954478426884 0 1 1 1
 'WTZZGF1G' 49.14421 12.8789 619 2.2783 0.026153466126404 0 1 1 1
 'ZIM2GF1G' 46.87709 7.46503 905 2.2465 0.011004507218455 0 1 1 1
 'AQUIGF1G' 42.3682 13.3502 665 2.2783 -0.017638363297145 1 0 1 0
 'AUTNGF1G' 46.95383 4.28897 303 2.3897 0.0069906337469492 0 1 1 1
 'AXPVGF1G' 43.49121 5.33319 178 2.4189 0.010545269552302 0 1 1 1
 'BADHGF1G' 50.22798 8.60986 213 2.3861 -0.0012308600648074 0 1 1 1
 'BAIAGF1G' 47.6518 23.5577 230 2.352 0.0071735644152859 1 0 1 0
 'BPDLGF1G' 52.03527 23.12735 169 2.3815 0.013877731722616 0 1 1 1
 'BSCNGF1G' 47.2469 5.9894 310 2.3635 -0.016542727308269 1 0 1 0
 'BUTEGF1G' 47.4809 19.0565 135 2.3942 -0.0083232508465816 1 0 1 0
 'BYDGGF1G' 53.13456 17.99363 74 2.4331 0.0035226900775771 0 1 1 1
 'CFRMGF1G' 49.68479 18.35318 329 2.3202 0.0022963021838853 0 1 1 1
 'CLIBGF1G' 50.7717 15.0599 404 2.3047 -0.0019541889384755 1 0 1 0
 'COMOGF1G' 45.80217 9.09563 246 2.4595 -0.029508543524174 0 1 1 1
 'CPARGF1G' 50.03955 15.78325 237 2.3481 0.0077305982559563 0 1 1 1
 'CRAKGF1G' 50.10239 13.72924 336 2.3329 0.0079990497533138 0 1 1 1
 'CTABGF1G' 49.4098 14.6802 447 2.3028 -0.0007909942372395 1 0 1 0
 'DELFGF1G' 51.98612 4.38759 31 2.4902 -0.019220093634381 0 1 1 1
 'EIJSGF1G' 50.75824 5.68361 57 2.4482 0.0011144043444036 0 1 1 1
 'ENTZGF1G' 48.54936 7.63989 154 2.479 -0.0068281292149965 0 1 1 1
 'EUSKGF1G' 50.67413 6.76354 198 2.4291 0.022340803283108 0 1 1 1
 'GARIGF1G' 44.6769 12.24943 7 2.5464 -0.025760191536892 0 1 1 1
 'GSR1GF1G' 46.0481 14.5437 306 2.4245 -0.0020667778881478 1 0 1 0
 'GWWLGF1G' 52.73797 15.20521 91 2.4078 0.034090354793566 0 1 1 1
 'HOBUGF1G' 53.05063 10.4763 111 2.3912 0.0079491571143673 0 1 1 1
 'KARLGF1G' 49.01125 8.41126 133 2.4846 0.033592611526362 0 1 1 1
 'KATOGF1G' 50.25327 19.03564 290 2.3401 0.0111987238461 0 1 1 1
 'KRA1GF1G' 50.06611 19.92046 226 2.3519 0.0014518234931535 0 1 1 1
 'KRAWGF1G' 50.06614 19.92048 226 2.3456 -0.0048463130465275 0 1 1 1
 'KUNZGF1G' 49.10729 15.20094 655 2.2459 0.0084470366459581 0 1 1 1
 'LIL2GF1G' 50.61351 3.13595 51 2.4875 0.014901143494527 0 1 1 1
 'LINZGF1G' 48.3098 14.2831 287 2.3483 -0.017282258126381 1 0 1 0
 'LODZGF1G' 51.77871 19.4595 225 2.3625 -0.0046518800867754 0 1 1 1
 'M0SEGF1G' 41.89311 12.49326 71 2.4712 0.022459402347367 0 1 1 1
 'MLVLGF1G' 48.84106 2.58731 114 2.4507 -0.014505305782854 0 1 1 1
 'MOPIGF1G' 48.37273 17.27388 533 2.2679 0.0018501494161645 0 1 1 1
 'MOPSGF1G' 44.62937 10.94917 42 2.5411 -0.0060149307348905 0 1 1 1
 'OROSGF1G' 46.55523 20.67135 102 2.3849 0.015053261714316 0 1 1 1
 'PRATGF1G' 43.8856 11.0991 75 2.4894 0.012006223704371 1 0 1 0
 'PUYVGF1G' 45.04362 3.87887 657 2.2848 0.00043902213079505 0 1 1 1
 'SBG2GF1G' 47.80342 13.11043 1276 2.0975 0.00054277853131124 0 1 1 1
 'SPRNGF1G' 47.6836 16.583 232 2.3595 -0.0023913841199481 1 0 1 0
 'SRJVGF1G' 43.86785 18.41389 599 2.324 0.044426253373928 0 1 1 1
 'TRF2GF1G' 47.92796 15.85891 1044 2.1414 0.017775244639008 0 1 1 1
 'TUBOGF1G' 49.20589 16.59284 278 2.3534 0.0074493439816306 0 1 1 1
 'USALGF1G' 40.33492 18.11149 28 2.4614 0.010768527421719 0 1 1 1
 'USDLGF1G' 49.43291 22.58577 493 2.2803 0.015857159803893 0 1 1 1
 'VEN1GF1G' 45.43057 12.35408 15 2.5587 -0.015091645280571 0 1 1 1
 'ZOUFGF1G' 46.55722 12.97355 1898 1.9901 0.0085004282259125 0 1 1 1
 'ZYWIGF1G' 49.68669 19.20595 369 2.3118 0.0099911027399915 0 1 1 1
 '2596GF1G' 51.2002 8.5238 691 2.2492 0.0025511177370436 1 0 1 0
 '2597GF1G' 51.6113 8.8937 302 2.3453 -0.0037501520913126 1 0 1 0
 '2598GF1G' 52.0222 8.5343 137 2.3982 -0.005289029820843 1 0 1 0
 '2602GF1G' 51.9328 8.8818 172 2.3902 0.0092336538658877 1 0 1 0
 '2603GF1G' 51.1731 7.9728 324 2.3628 0.027225563827036 1 0 1 0
 '2616GF1G' 51.6803 7.8104 83 2.4293 0.0024322855289181 1 0 1 0
 '2622GF1G' 50.9024 8.0302 324 2.354 0.0099172025629763 1 0 1 0
 '2623GF1G' 51.7684 6.1422 61 2.4325 -0.010329684816923 1 0 1 0
 '2624GF1G' 50.8676 7.0564 67 2.4403 -0.0067738503504593 1 0 1 0
 '2625GF1G' 50.9955 5.9289 55 2.4388 -0.026726207966342 1 0 1 0
 '3599GF1G' 52.2772 7.4371 67 2.4186 -0.014232651249601 1 0 1 0
 'DUB2GF1G' 42.65016 18.11031 414 2.3686 0.016578637496266 0 1 1 1
 'POREGF1G' 45.22601 13.59504 23 2.5721 0.010058497299041 0 1 1 1
 'ZADAGF1G' 44.11317 15.22758 21 2.5401 -0.016027435679586 0 1 1 1
 '0663GF1G' 52.1493 9.9097 175 2.3778 -0.0038693009101189 1 0 1 0
 '0929GF1G' 49.44344 6.64401 196 2.4392 -0.013133486183731 0 1 1 1
 '0931GF1G' 49.3137 6.746 197 2.4356 -0.0033576403743489 1 0 1 0
 '0928GF1G' 49.3236 7.3362 260 2.4095 0.024542018482848 1 0 1 0
 'POZEGF1G' 45.33282 17.67546 166 2.4196 0.010509299859452 0 1 1 1
 'CAKOGF1G' 46.3871 16.43907 175 2.3942 -0.00034176817459919 0 1 1 1
 '0453GF1G' 50.815 8.7747 202 2.3776 -0.0042937826642917 1 0 1 0
 '0456GF1G' 50.86407 9.71154 218 2.3718 0.012164143490795 0 1 1 1
 '0512GF1G' 50.35829 7.56971 136 2.4033 0.0028419575406367 0 1 1 1
 '0522GF1G' 49.2021 7.6025 399 2.3707 -0.0043886321120103 1 0 1 0
 '0527GF1G' 49.6475 7.1658 393 2.3799 -0.003654519441294 1 0 1 0
 '0157GF1G' 51.07695 13.7596 157 2.3762 0.0082596031830318 0 1 1 1
 'AUBGGF1G' 48.4213 10.9213 461 2.3572 0.024094269046513 0 1 1 1
 'DIEPGF1G' 52.58806 8.34223 39 2.4245 0.016189611307475 0 1 1 1
 'DILLGF1G' 49.37157 6.69968 179 2.4468 0.001824702325814 0 1 1 1
 'GELLGF1G' 53.45027 14.32181 44 2.4131 0.011842199021919 0 1 1 1
 'GOETGF1G' 51.50051 9.95057 175 2.3792 0.012538068370477 0 1 1 1
 'GOR2GF1G' 53.04971 11.34961 21 2.4278 0.018220896070237 0 1 1 1
 'LDB2GF1G' 52.20913 14.12092 120 2.3729 0.013150227025347 0 1 1 1
 'MOX2GF1G' 50.64223 11.61621 453 2.321 0.0028695909583671 0 1 1 1
 'WT21GF1G' 49.14512 12.8765 610 2.2803 0.025423710983986 0 1 1 1
 '0405GF1G' 49.5651 8.425 92 2.4404 0.020806492885635 1 0 1 0
 '0533GF1G' 49.1979 8.1093 162 2.4427 0.0076972201021657 1 0 1 0
 'TIT2GF1G' 51.03523 6.43158 110 2.442 0.035016665057372 0 1 1 1
 'PAYEGF1G' 46.81214 6.94394 497 2.3487 -0.0094781078267476 0 1 1 1
 'MARQGF1G' 52.4669 12.9595 46 2.4162 0.002579362061947 1 0 1 0
 'COLMGF1G' 51.30859 13.00236 248 2.3529 0.013382108049759 0 1 1 1
 'MARBGF1G' 50.53315 8.68566 188 2.386 -0.0077578324967278 0 1 1 1
 'GJ03GF1G' 50.9084 6.4134 136 2.4482 0.032914425524194 1 0 1 0
 'UHOHGF1G' 48.71619 9.21348 412 2.4082 0.033731702501113 0 1 1 1
 'ZUGGGF1G' 47.42078 10.98461 2940 1.7367 0.024207720925302 0 1 1 1
 'TAI1GF1G' 40.85889 14.27626 35 2.4598 -0.0019492083765997 0 1 1 1
 'CBW1GF1G' 51.9695 4.9262 2 2.4843 -0.0069947082571327 1 0 1 0
 '0580GF1G' 51.94436 7.17446 100 2.4233 0.0045629111647654 0 1 1 1
 'TAD3GF1G' 52.4297 13.4738 70 2.4076 0.011686374375591 1 0 1 0
 'W182GF1G' 46.93296 15.90707 308 2.3581 0.013833454971561 0 1 1 1
 'W185GF1G' 46.90477 15.79675 310 2.3497 0.0055885150820489 0 1 1 1
 'W181GF1G' 46.95826 15.84867 316 2.3496 0.0055899693147672 0 1 1 1
 '0614GF1G' 51.3973 7.41611 129 2.435 0.027369859141043 0 1 1 1
 'GOE3GF1R' 51.16246 14.95038 241 2.345 0.0084319675207394 0 1 1 1
 'HOHEGF1R' 47.8013 11.0097 991 2.1932 0.0012218643621988 1 0 1 0
 'IFU1GF1R' 47.47644 11.06317 746 2.2994 0.02413916786233 0 1 1 1
 'OBE4GF1R' 48.0848 11.27785 604 2.3236 0.0018120700362316 0 1 1 1
 'OEHRGF1R' 49.20708 9.51765 281 2.4368 0.022646655380983 0 1 1 1
 'POTMGF1R' 52.37927 13.06609 104 2.3889 0.0077321535060451 0 1 1 1
 'POTSGF1R' 52.3793 13.06609 104 2.3904 0.0092326643849074 0 1 1 1
 'WEIDGF1R' 49.6663 12.1845 441 2.3351 -0.0038730389276926 1 0 1 0
 'WUE2GF1R' 49.77052 9.95758 275 2.4134 0.0060891315284985 0 1 1 1
 'AJACGF1R' 41.92745 8.76261 51 2.4754 -0.021579679941818 0 1 1 1
 'FFMJGF1R' 50.0906 8.665 130 2.4029 -0.011761387229532 1 0 1 0
 'GENOGF1R' 44.41939 8.92114 111 2.5069 -0.0007069727046578 0 1 1 1
 'GOPEGF1R' 49.9137 14.78562 546 2.2664 0.00036349877517994 0 1 1 1
 'GRASGF1R' 43.75474 6.92057 1268 2.1432 -0.033387405280247 0 1 1 1
 'GRAZGF1R' 47.06713 15.49348 490 2.3013 0.0055760674565906 0 1 1 1
 'JOZEGF1R' 52.09727 21.03154 111 2.423 0.012866332852878 0 1 1 1
 'LEIJGF1R' 51.35398 12.3741 134 2.3839 0.0042694571915991 0 1 1 1
 'MATEGF1R' 40.64913 16.70446 490 2.3287 0.0074171500736919 0 1 1 1
 'MEDIGF1R' 44.52 11.6468 9 2.5461 -0.024244948335147 1 0 1 0
 'ORIDGF1R' 41.12731 20.79405 728 2.2593 -0.0032742068307154 0 1 1 1
 'PENCGF1R' 47.7896 19.28153 246 2.3475 0.0065835936297849 0 1 1 1
 'PTBBGF1R' 52.29619 10.45975 87 2.4008 0.014911906203144 0 1 1 1
 'SULPGF1R' 49.83559 24.01449 338 2.3037 -0.0020759647109099 0 1 1 1
 'WROCGF1R' 51.11326 17.06204 140 2.3908 0.010404625589715 0 1 1 1
 'WSRTGF1R' 52.91461 6.60451 41 2.4406 -0.0013770607693409 0 1 1 1
 'ZIM2GF1R' 46.87709 7.46503 905 2.2442 0.0087045072184555 0 1 1 1
 'AQUIGF1R' 42.36824 13.35025 665 2.2754 -0.018447263788073 0 1 1 1
 'BADHGF1R' 50.228 8.6098 213 2.3841 -0.011875694649528 1 0 1 0
 'BPDLGF1R' 52.0353 23.1273 169 2.3787 0.0014658993163645 1 0 1 0
 'BYDGGF1R' 53.13456 17.99363 74 2.4308 0.0012226900775771 0 1 1 1
 'CLIBGF1R' 50.7717 15.05989 404 2.3023 -0.0030586338435001 0 1 1 1
 'COMOGF1R' 45.80217 9.09563 246 2.4574 -0.031608543524174 0 1 1 1
 'DELFGF1R' 51.9861 4.3876 31 2.4884 -0.027539678968645 1 0 1 0
 'EIJSGF1R' 50.75824 5.68361 57 2.4464 -0.00068559565559623 0 1 1 1
 'ENTZGF1R' 48.54936 7.63989 154 2.4769 -0.0089281292149965 0 1 1 1
 'GSR1GF1R' 46.04813 14.54371 306 2.4216 -0.0060271199006863 0 1 1 1
 'GWWLGF1R' 52.73797 15.20521 91 2.4056 0.031890354793566 0 1 1 1
 'HOBUGF1R' 53.05063 10.4763 111 2.3892 0.0059491571143675 0 1 1 1
 'KATOGF1R' 50.25327 19.03564 290 2.3372 0.0082987238461003 0 1 1 1
 'KRA1GF1R' 50.06611 19.92046 226 2.3494 -0.0010481765068464 0 1 1 1
 'KRAWGF1R' 50.06614 19.92048 226 2.3433 -0.0071463130465275 0 1 1 1
 'KUNZGF1R' 49.10729 15.20094 655 2.2439 0.0064470366459584 0 1 1 1
 'LIL2GF1R' 50.61351 3.13595 51 2.4847 0.012101143494527 0 1 1 1
 'LODZGF1R' 51.77871 19.4595 225 2.3604 -0.0067518800867754 0 1 1 1
 'M0SEGF1R' 41.8931 12.4933 71 2.4692 0.023047015845654 1 0 1 0
 'MOPSGF1R' 44.6294 10.9492 42 2.5389 -0.013060311188966 1 0 1 0
 'OROSGF1R' 46.55523 20.67135 102 2.3815 0.011653261714316 0 1 1 1
 'SBG2GF1R' 47.80342 13.11043 1276 2.0954 -0.0015572214686888 0 1 1 1
 'SRJVGF1R' 43.86785 18.41389 599 2.322 0.042426253373928 0 1 1 1
 'TRF2GF1R' 47.92796 15.85891 1044 2.1385 0.014875244639009 0 1 1 1
 'USDLGF1R' 49.43291 22.58577 493 2.2771 0.012657159803893 0 1 1 1
 'ZYWIGF1R' 49.6867 19.2059 369 2.3084 -0.0077430249552721 1 0 1 0
 '0132GF1R' 50.79598 12.91294 332 2.3363 -0.00043196039307958 0 1 1 1
 '0136GF1R' 51.56547 12.98282 111 2.381 0.0081878514102254 0 1 1 1
 '0198GF1R' 50.5932 10.4166 361 2.3487 0.0030668642912541 1 0 1 0
 '0200GF1R' 51.36711 10.84926 225 2.3562 0.0016244993905037 0 1 1 1
 '0204GF1R' 50.9844 12.4255 241 2.3534 -0.0128825316017 1 0 1 0
 '0209GF1R' 51.00522 11.02824 203 2.3719 0.0060757472608222 0 1 1 1
 '0211GF1R' 50.58387 11.81073 455 2.3107 -0.0083115858224341 0 1 1 1
 '0212GF1R' 50.428 10.7312 404 2.3473 0.0046890768588552 1 0 1 0
 '0214GF1R' 51.20272 10.46408 237 2.3621 0.014385832095342 0 1 1 1
 '0215GF1R' 50.35574 11.17994 418 2.338 -0.00064413562158006 0 1 1 1
 '0216GF1R' 50.8125 10.2291 268 2.3689 0.0035541908734014 1 0 1 0
 '0218GF1R' 51.42106 10.35901 347 2.3215 0.0053325133955431 0 1 1 1
 '0219GF1R' 50.64515 11.35886 265 2.3754 -0.011925182260447 0 1 1 1
 '0220GF1R' 50.87879 12.0789 225 2.3572 -0.0038801209772257 0 1 1 1
 '0256GF1R' 48.1411 11.5901 533 2.3374 0.0019201396005597 1 0 1 0
 '0257GF1R' 48.87416 12.56571 343 2.3481 0.023216967682331 0 1 1 1
 '0258GF1R' 48.5321 11.5061 448 2.3555 0.018700792179062 1 0 1 0
 '0259GF1R' 48.3713 10.8934 510 2.3362 0.0031249270827876 1 0 1 0
 '0261GF1R' 48.56845 13.44333 373 2.3295 0.01144121108413 0 1 1 1
 '0264GF1R' 48.1951 12.3502 459 2.3374 0.0093727744758261 1 0 1 0
 '0265GF1R' 48.42861 12.93269 386 2.3416 0.030289397134208 0 1 1 1
 '0266GF1R' 48.5397 12.1612 401 2.3428 0.0091297213638928 1 0 1 0
 '0267GF1R' 49.88897 10.89094 257 2.4144 0.0060804320030927 0 1 1 1
 '0272GF1R' 47.8676 12.107 475 2.344 -0.017144005452664 1 0 1 0
 '0273GF1R' 48.042 10.4941 624 2.336 0.026916721982602 1 0 1 0
 '0278GF1R' 48.9385 11.8638 477 2.335 -0.00071855989081948 1 0 1 0
 '0279GF1R' 49.2826 11.4475 434 2.3638 -0.0023582362592278 1 0 1 0
 '0280GF1R' 49.32557 12.10893 378 2.3573 0.0092038180226828 0 1 1 1
 '0281GF1R' 49.51186 12.54552 682 2.2616 0.0055196670389446 0 1 1 1
 '0282GF1R' 49.69038 11.6292 445 2.3522 0.01377451548511 0 1 1 1
 '0284GF1R' 50.10384 11.44257 326 2.3797 0.0064638629903229 0 1 1 1
 '0285GF1R' 47.5093 11.1427 1780 2 0.013891704097672 1 0 1 0
 '0287GF1R' 49.95388 9.12565 125 2.4302 0.0065210947025771 0 1 1 1
 '0288GF1R' 49.99351 9.5732 176 2.427 -0.0087599711013038 0 1 1 1
 '0289GF1R' 50.0473 10.2426 235 2.4204 -0.00044594696120193 1 0 1 0
 '0296GF1R' 47.8667 12.6456 596 2.3036 -0.0076996601190942 1 0 1 0
 '0386GF1R' 49.13849 9.21832 186 2.4584 0.018289695294936 0 1 1 1
 '0396GF1R' 48.10011 9.79324 551 2.3657 0.031559723858247 0 1 1 1
 '0397GF1R' 48.08359 9.22391 597 2.3438 0.0069050819784402 0 1 1 1
 '0400GF1R' 48.5195 9.07839 333 2.4469 0.013916538380386 0 1 1 1
 '0403GF1R' 49.00494 8.38606 135 2.482 0.030649712406275 0 1 1 1
 '0404GF1R' 48.47616 7.94317 174 2.4879 0.0051250705900161 0 1 1 1
 '0448GF1R' 50.08809 8.2267 193 2.3843 0.0039505673860605 0 1 1 1
 '0450GF1R' 49.875 8.6568 176 2.3944 -0.0085845128836191 1 0 1 0
 '0457GF1R' 51.1829 10.0512 230 2.3608 -0.001722899635022 1 0 1 0
 '0459GF1R' 50.4993 9.1203 288 2.3583 -0.0097501944490723 1 0 1 0
 '0464GF1R' 50.5205 8.3815 236 2.3588 -0.018815052399351 1 0 1 0
 '0513GF1R' 50.3293 7.2431 288 2.3769 -0.01022428828201 1 0 1 0
 '0526GF1R' 50.21015 6.42754 450 2.3535 0.011239333249416 0 1 1 1
 '0528GF1R' 49.70488 7.66528 182 2.4069 0.019802246796265 0 1 1 1
 '0529GF1R' 49.74739 8.11874 186 2.3852 0.0017722669547076 0 1 1 1
 '0531GF1R' 49.99211 6.19485 512 2.3324 -0.024478965318721 0 1 1 1
 '0532GF1R' 49.95159 7.92526 108 2.4095 0.0064439954377709 0 1 1 1
 '0645GF1R' 53.22999 7.44461 25 2.4217 -0.0069321963143145 0 1 1 1
 '0650GF1R' 51.52126 9.94752 182 2.3705 0.00548835529609 0 1 1 1
 '0652GF1R' 51.98792 9.8047 106 2.3929 0.0024523804167722 0 1 1 1
 '0655GF1R' 53.11092 9.39684 42 2.4088 -0.0052381540554456 0 1 1 1
 '0656GF1R' 53.14235 8.20223 29 2.419 -0.00080610642922263 0 1 1 1
 '0658GF1R' 52.43599 7.07738 38 2.4214 -0.0069800321124327 0 1 1 1
 '0659GF1R' 52.84885 8.03903 57 2.4096 0.0026640085689098 0 1 1 1
 '0660GF1R' 53.25352 10.41166 34 2.4063 0.0063885379870374 0 1 1 1
 '0661GF1R' 52.9852 9.8473 77 2.3894 -0.016337615615347 1 0 1 0
 '0665GF1R' 52.678 9.6155 43 2.4101 -0.0031394974574108 1 0 1 0
 '0666GF1R' 52.64344 9.20636 45 2.4121 0.0035151036150234 0 1 1 1
 '0668GF1R' 52.52254 8.19529 78 2.4169 0.01985738198463 0 1 1 1
 '0672GF1R' 52.23189 10.99941 155 2.376 0.013349084912184 0 1 1 1
 '0678GF1R' 52.73421 10.61215 94 2.3907 0.0065747275888146 0 1 1 1
 '0679GF1R' 53.09687 11.09845 27 2.425 0.018479788697552 0 1 1 1
 '0680GF1R' 53.33301 9.8713 113 2.3835 0.0024631456178104 0 1 1 1
 '0681GF1R' 51.75053 9.39104 113 2.3937 0.0047778371919938 0 1 1 1
 '0684GF1R' 52.52126 7.67736 58 2.4136 -0.012736498415443 0 1 1 1
 '0686GF1R' 52.31368 10.54822 97 2.3923 0.0073905117240312 0 1 1 1
 '0688GF1R' 52.40751 9.80151 81 2.3903 -0.0061272681249549 0 1 1 1
 '0689GF1R' 52.67897 8.80194 58 2.4132 0.0053404213201156 0 1 1 1
 '0787GF1R' 53.66261 13.88844 25 2.4239 0.011808322479668 0 1 1 1
 '0791GF1R' 53.51827 12.68071 83 2.3993 -0.0024423694794971 0 1 1 1
 '0793GF1R' 53.42033 11.84297 71 2.4103 0.0034927415613764 0 1 1 1
 '0797GF1R' 53.3297 13.0721 80 2.4023 -0.0039121065114451 1 0 1 0
 '0837GF1R' 53.41085 10.24807 12 2.4097 0.0074900707715266 0 1 1 1
 '0897GF1R' 52.5872 13.3249 78 2.3948 -0.0063989971175502 1 0 1 0
 '0898GF1R' 52.4097 13.60219 65 2.3987 0.0063250888908972 0 1 1 1
 '0930GF1R' 49.2177 7.0086 235 2.4232 -0.002353499485773 1 0 1 0
 '0932GF1R' 49.47005 7.17571 301 2.4009 0.0035791384382278 0 1 1 1
 '0934GF1R' 49.5388 6.8861 306 2.4004 -0.02802617689492 1 0 1 0
 '0995GF1R' 53.07684 8.81647 33 2.4159 0.00091851710580615 0 1 1 1
 '1271GF1R' 47.8382 11.1431 581 2.3092 -0.00029823620949943 1 0 1 0
 '2576GF1R' 50.67599 7.15881 81 2.4405 0.00096109136465072 0 1 1 1
 '2578GF1R' 51.66483 6.60812 54 2.4318 0.013125178359554 0 1 1 1
 '2579GF1R' 51.25875 6.39223 60 2.4383 0.00953454555862 0 1 1 1
 '2582GF1R' 51.45849 7.01608 172 2.4154 0.014505623420785 0 1 1 1
 '2587GF1R' 51.95501 7.62686 105 2.4147 -0.0088953138905477 0 1 1 1
 '2588GF1R' 51.39887 8.07492 254 2.3822 0.0095325972238625 0 1 1 1
 '2591GF1R' 50.76792 6.08842 217 2.3989 -0.0046939595117479 0 1 1 1
 '2593GF1R' 52.28125 8.9121 77 2.4101 0.012253148578402 0 1 1 1
 '2596GF1R' 51.20019 8.52381 691 2.248 0.0052355342949482 0 1 1 1
 '2597GF1R' 51.61131 8.89372 302 2.3434 0.0017028601621689 0 1 1 1
 '2598GF1R' 52.02219 8.53434 137 2.3961 -0.0023593224606104 0 1 1 1
 '2602GF1R' 51.93278 8.8818 172 2.3883 0.0099696482108551 0 1 1 1
 '2603GF1R' 51.17311 7.97283 324 2.3614 0.0342783232744 0 1 1 1
 '2616GF1R' 51.68032 7.81036 83 2.4269 0.0016901691980276 0 1 1 1
 '2622GF1R' 50.90236 8.03021 324 2.3514 0.015541863332915 0 1 1 1
 '2623GF1R' 51.76844 6.14217 61 2.43 -0.0090578327113406 0 1 1 1
 '2624GF1R' 50.8676 7.05641 67 2.4376 0.0010928073364078 0 1 1 1
 '2625GF1R' 50.99546 5.92891 55 2.4348 -0.025465179866246 0 1 1 1
 '3599GF1R' 52.27717 7.43712 67 2.4167 -0.0085118968390843 0 1 1 1
 '0663GF1R' 52.14934 9.90972 175 2.3759 0.0034907559431483 0 1 1 1
 '0929GF1R' 49.4434 6.644 196 2.4373 -0.016076523967657 1 0 1 0
 '0931GF1R' 49.31367 6.74602 197 2.4337 -0.0035057707767248 0 1 1 1
 '0928GF1R' 49.32359 7.3362 260 2.4077 0.021735285483129 0 1 1 1
 '0453GF1R' 50.81505 8.77473 202 2.3738 -0.0052352140147804 0 1 1 1
 '0456GF1R' 50.8641 9.7115 218 2.3696 -0.002074921487031 1 0 1 0
 '0512GF1R' 50.3583 7.5697 136 2.4015 -0.0085169074812876 1 0 1 0
 '0522GF1R' 49.20212 7.60246 399 2.368 -0.002445855360885 0 1 1 1
 '0527GF1R' 49.64752 7.16578 393 2.3781 -0.008119549946795 0 1 1 1
 'AUBGGF1R' 48.4213 10.9213 461 2.3561 0.022994269046513 0 1 1 1
 'GELLGF1R' 53.45027 14.32181 44 2.4114 0.010142199021919 0 1 1 1
 'MOX2GF1R' 50.64223 11.61621 453 2.3175 -0.00063040904163314 0 1 1 1
 'WT21GF1R' 49.14512 12.8765 610 2.2788 0.023923710983986 0 1 1 1
 '0405GF1R' 49.5651 8.42504 92 2.4384 0.032095815699951 0 1 1 1
 '0533GF1R' 49.19789 8.10933 162 2.4407 0.013230313589351 0 1 1 1
 'TIT2GF1R' 51.03523 6.43158 110 2.4398 0.032816665057371 0 1 1 1
 'PAYEGF1R' 46.81214 6.94394 497 2.342 -0.016178107826748 0 1 1 1
 'MARQGF1R' 52.46693 12.95954 46 2.4134 0.014081051228642 0 1 1 1
 'COLMGF1R' 51.30859 13.00236 248 2.3508 0.011282108049759 0 1 1 1
 'MARBGF1R' 50.5331 8.6857 188 2.3821 -0.021426996437647 1 0 1 0
 'GJ03GF1R' 50.90842 6.41341 136 2.4445 0.038185495528224 0 1 1 1
 'UHOHGF1R' 48.7162 9.2135 412 2.4067 0.029759612558436 1 0 1 0
 'ZUGGGF1R' 47.42078 10.98461 2940 1.7311 0.018607720925303 0 1 1 1
 'TAI1GF1R' 40.85889 14.27626 35 2.459 -0.0027492083765996 0 1 1 1
 'CBW1GF1R' 51.96954 4.92618 2 2.4819 -0.0035351553081515 0 1 1 1
 '0580GF1R' 51.94436 7.17446 100 2.421 0.0022629111647654 0 1 1 1
 'TAD3GF1R' 52.42966 13.47382 70 2.4043 0.010135870973643 0 1 1 1
 'W183GF1R' 46.98133 15.798 301 2.3558 0.0055426919230745 0 1 1 1
 'W184GF1R' 46.96665 16.00507 325 2.3534 0.015625682285467 0 1 1 1
 'W182GF1R' 46.93296 15.90707 308 2.3555 0.011233454971562 0 1 1 1
 'W185GF1R' 46.90477 15.79675 310 2.3474 0.003288515082049 0 1 1 1
 'W186GF1R' 46.88224 15.98395 313 2.3497 0.011142826458834 0 1 1 1
 'W181GF1R' 46.95826 15.84867 316 2.3475 0.0034899693147672 0 1 1 1
 '0614GF1R' 51.3973 7.41611 129 2.4318 0.024169859141043 0 1 1 1
 '0627GF1R' 51.03523 6.43157 110 2.4383 0.031317178140674 0 1 1 1
 'NBUHGF1R' 50.4434 7.2502 289 2.3877 0.014823237569524 0 1 1 1
 'VKBLGF1R' 50.60708 12.52314 413 2.3158 0.0063435598271369 0 1 1 1
 'EWHRGF1R' 50.42152 7.21948 307 2.3849 0.013771255247451 0 1 1 1
 'EEMGGF1R' 50.34517 7.3486 216 2.3959 0.0059022846677848 0 1 1 1
 'EMDGGF1R' 50.38272 7.28767 236 2.4001 0.010486092551446 0 1 1 1
 'EMONGF1R' 50.48111 7.44256 323 2.3694 0.017545094202695 0 1 1 1
 '0414GF1R' 48.47016 8.51028 702 2.3435 0.03449791362295 0 1 1 1
 'EANTGF1R' 50.43835 7.32315 234 2.3966 0.012951111029754 0 1 1 1
 'GOE3GF1U' 51.16246 14.95038 241 2.3468 0.010231967520739 0 1 1 1
 'HOHEGF1U' 47.80135 11.00967 991 2.1947 0.0016828473936399 0 1 1 1
 'IFU1GF1U' 47.47644 11.06317 746 2.3014 0.02613916786233 0 1 1 1
 'OBE4GF1U' 48.0848 11.27785 604 2.3253 0.0035120700362317 0 1 1 1
 'OEHRGF1U' 49.20708 9.51765 281 2.438 0.023846655380984 0 1 1 1
 'POTMGF1U' 52.37927 13.06609 104 2.3901 0.0089321535060449 0 1 1 1
 'POTSGF1U' 52.3793 13.06609 104 2.392 0.010832664384907 0 1 1 1
 'WEIDGF1U' 49.66634 12.18453 441 2.3368 0.010000199037985 0 1 1 1
 'WUE2GF1U' 49.77052 9.95758 275 2.4153 0.0079891315284981 0 1 1 1
 'WSRTGF1U' 52.91461 6.60451 41 2.4416 -0.00037706076934052 0 1 1 1
 'BADHGF1U' 50.22798 8.60986 213 2.3854 -0.0019308600648071 0 1 1 1
 '0198GF1U' 50.59321 10.41663 361 2.3516 0.010829783666159 0 1 1 1
 '0200GF1U' 51.36711 10.84926 225 2.3576 0.003024499390504 0 1 1 1
 '0204GF1U' 50.98444 12.42553 241 2.355 -0.0037715111568857 0 1 1 1
 '0209GF1U' 51.00522 11.02824 203 2.373 0.0071757472608223 0 1 1 1
 '0211GF1U' 50.58387 11.81073 455 2.3123 -0.0067115858224343 0 1 1 1
 '0212GF1U' 50.42796 10.73119 404 2.3486 0.012559161142145 0 1 1 1
 '0214GF1U' 51.20272 10.46408 237 2.3633 0.015585832095342 0 1 1 1
 '0215GF1U' 50.35574 11.17994 418 2.3393 0.00065586437842002 0 1 1 1
 '0216GF1U' 50.81246 10.22908 268 2.3705 0.012531979787841 0 1 1 1
 '0218GF1U' 51.42106 10.35901 347 2.3226 0.0064325133955432 0 1 1 1
 '0219GF1U' 50.64515 11.35886 265 2.3764 -0.010925182260447 0 1 1 1
 '0220GF1U' 50.87879 12.0789 225 2.3577 -0.003380120977226 0 1 1 1
 '0256GF1U' 48.14108 11.59009 533 2.3386 0.0093852633535367 0 1 1 1
 '0257GF1U' 48.87416 12.56571 343 2.3493 0.024416967682331 0 1 1 1
 '0258GF1U' 48.53213 11.50607 448 2.3573 0.034612622336863 0 1 1 1
 '0259GF1U' 48.37127 10.89343 510 2.337 0.015675074030343 0 1 1 1
 '0261GF1U' 48.56845 13.44333 373 2.3308 0.01274121108413 0 1 1 1
 '0264GF1U' 48.19513 12.35021 459 2.3388 0.01826493597168 0 1 1 1
 '0265GF1U' 48.42861 12.93269 386 2.3428 0.031489397134207 0 1 1 1
 '0266GF1U' 48.53973 12.16124 401 2.344 0.019655514502105 0 1 1 1
 '0267GF1U' 49.88897 10.89094 257 2.4157 0.0073804320030928 0 1 1 1
 '0272GF1U' 47.86756 12.10703 475 2.3453 -0.011125985982835 0 1 1 1
 '0273GF1U' 48.04201 10.49406 624 2.338 0.029499014499335 0 1 1 1
 '0278GF1U' 48.93851 11.86376 477 2.3362 0.013375664800436 0 1 1 1
 '0279GF1U' 49.28257 11.44753 434 2.3651 0.011152632096431 0 1 1 1
 '0280GF1U' 49.32557 12.10893 378 2.3586 0.010503818022683 0 1 1 1
 '0281GF1U' 49.51186 12.54552 682 2.263 0.0069196670389444 0 1 1 1
 '0282GF1U' 49.69038 11.6292 445 2.3541 0.01567451548511 0 1 1 1
 '0284GF1U' 50.10384 11.44257 326 2.3809 0.0076638629903227 0 1 1 1
 '0285GF1U' 47.50926 11.14272 1780 2.0013 0.019184012480155 0 1 1 1
 '0287GF1U' 49.95388 9.12565 125 2.4316 0.007921094702577 0 1 1 1
 '0288GF1U' 49.99351 9.5732 176 2.4284 -0.0073599711013039 0 1 1 1
 '0289GF1U' 50.04731 10.24263 235 2.4215 0.013086291708976 0 1 1 1
 '0296GF1U' 47.86674 12.64557 596 2.305 -0.0012287790636987 0 1 1 1
 '0386GF1U' 49.13849 9.21832 186 2.4601 0.019989695294936 0 1 1 1
 '0396GF1U' 48.10011 9.79324 551 2.367 0.032859723858247 0 1 1 1
 '0397GF1U' 48.08359 9.22391 597 2.3458 0.0089050819784404 0 1 1 1
 '0400GF1U' 48.5195 9.07839 333 2.4484 0.015416538380386 0 1 1 1
 '0403GF1U' 49.00494 8.38606 135 2.4833 0.031949712406275 0 1 1 1
 '0404GF1U' 48.47616 7.94317 174 2.4888 0.0060250705900162 0 1 1 1
 '0448GF1U' 50.08809 8.2267 193 2.3854 0.0050505673860606 0 1 1 1
 '0450GF1U' 49.87497 8.65684 176 2.3952 0.00035681573511148 0 1 1 1
 '0457GF1U' 51.1829 10.05123 230 2.3618 0.0084003558716006 0 1 1 1
 '0459GF1U' 50.49933 9.1203 288 2.3591 -0.0036191930018825 0 1 1 1
 '0464GF1U' 50.5205 8.38154 236 2.3603 -0.010210339603106 0 1 1 1
 '0529GF1U' 49.74739 8.11874 186 2.3864 0.0029722669547074 0 1 1 1
 '0532GF1U' 49.95159 7.92526 108 2.4108 0.0077439954377709 0 1 1 1
 '0645GF1U' 53.22999 7.44461 25 2.4227 -0.0059321963143146 0 1 1 1
 '0650GF1U' 51.52126 9.94752 182 2.3717 0.0066883552960904 0 1 1 1
 '0652GF1U' 51.98792 9.8047 106 2.3942 0.0037523804167723 0 1 1 1
 '0655GF1U' 53.11092 9.39684 42 2.41 -0.0040381540554453 0 1 1 1
 '0658GF1U' 52.43599 7.07738 38 2.4225 -0.005880032112433 0 1 1 1
 '0659GF1U' 52.84885 8.03903 57 2.4108 0.0038640085689097 0 1 1 1
 '0660GF1U' 53.25352 10.41166 34 2.4075 0.0075885379870377 0 1 1 1
 '0661GF1U' 52.98518 9.8473 77 2.3902 -0.0043906777500333 0 1 1 1
 '0665GF1U' 52.67797 9.61554 43 2.4113 0.0033617063195521 0 1 1 1
 '0666GF1U' 52.64344 9.20636 45 2.4135 0.0049151036150232 0 1 1 1
 '0668GF1U' 52.52254 8.19529 78 2.4181 0.02105738198463 0 1 1 1
 '0672GF1U' 52.23189 10.99941 155 2.3772 0.014549084912185 0 1 1 1
 '0678GF1U' 52.73421 10.61215 94 2.3929 0.0087747275888148 0 1 1 1
 '0680GF1U' 53.33301 9.8713 113 2.3847 0.0036631456178102 0 1 1 1
 '0684GF1U' 52.52126 7.67736 58 2.4146 -0.011736498415443 0 1 1 1
 '0688GF1U' 52.40751 9.80151 81 2.3914 -0.0050272681249548 0 1 1 1
 '0689GF1U' 52.67897 8.80194 58 2.4144 0.0065404213201159 0 1 1 1
 '0787GF1U' 53.66261 13.88844 25 2.4258 0.013708322479668 0 1 1 1
 '0791GF1U' 53.51827 12.68071 83 2.4006 -0.0011423694794974 0 1 1 1
 '0793GF1U' 53.42033 11.84297 71 2.4116 0.0047927415613764 0 1 1 1
 '0797GF1U' 53.32969 13.07214 80 2.4037 0.0056763342121355 0 1 1 1
 '0837GF1U' 53.41085 10.24807 12 2.4113 0.0090900707715269 0 1 1 1
 '0897GF1U' 52.58719 13.32488 78 2.3962 0.0029759774417206 0 1 1 1
 '0898GF1U' 52.4097 13.60219 65 2.4001 0.0077250888908975 0 1 1 1
 '0930GF1U' 49.21769 7.00863 235 2.4243 0.0070517204282776 0 1 1 1
 'AUBGBKGA' 48.4213 10.9213 462 2.3562 0.023413244280631 0 1 1 1
 'AUTNBKGA' 46.95384 4.28898 305 2.4004 0.018320146065372 0 1 1 1
 'BADHBKGA' 50.22798 8.60986 213 2.3745 -0.012830860064807 0 1 1 1
 'BAUTBKGA' 51.19234 14.52174 169 2.3687 0.0015145039449758 0 1 1 1
 'BRMGBKGA' 47.90774 7.63288 212 2.4713 -0.0037389939698951 0 1 1 1
 'BSCNBKGA' 47.24688 5.98939 311 2.3721 -0.0013962327687831 0 1 1 1
 'BZR2BKGA' 46.49579 11.33825 282 2.4388 0.050070739532428 0 1 1 1
 'COMOBKGA' 45.80217 9.09563 247 2.4594 -0.029259414455292 0 1 1 1
 'DEVABKGA' 45.87842 22.91354 204 2.3423 -0.00092292241934322 0 1 1 1
 'DIEPBKGA' 52.58806 8.34223 39 2.4223 0.013989611307474 0 1 1 1
 'DILLBKGA' 49.37157 6.69968 180 2.442 -0.0026477255597603 0 1 1 1
 'DLF1BKGA' 51.98602 4.38747 32 2.4982 -0.010894229750155 0 1 1 1
 'EIJSBKGA' 50.75824 5.68362 57 2.4443 -0.0027849802556883 0 1 1 1
 'ENTZBKGA' 48.54936 7.63991 156 2.4772 -0.0079439400486074 0 1 1 1
 'ERLABKGA' 49.58649 11.00458 291 2.4128 0.010912672463467 0 1 1 1
 'EUSKBKGA' 50.67413 6.76354 198 2.4405 0.033740803283108 0 1 1 1
 'FFMJBKGA' 50.09058 8.66497 130 2.3952 -0.014620924936392 0 1 1 1
 'GELLBKGA' 53.45027 14.32181 45 2.4095 0.0085641482495111 0 1 1 1
 'GOETBKGA' 51.50022 9.95057 169 2.3761 0.007483731420832 0 1 1 1
 'GOPEBKGA' 49.91371 14.78563 548 2.2659 0.0004368140751696 0 1 1 1
 'GOR2BKGA' 53.04971 11.34961 21 2.4254 0.015820896070237 0 1 1 1
 'GRASBKGA' 43.75474 6.92058 1269 2.1424 -0.033880669316814 0 1 1 1
 'GRAZBKGA' 47.06713 15.49349 493 2.3013 0.0064569071160321 0 1 1 1
 'HOBUBKGA' 53.05064 10.47631 111 2.3875 0.0042492133131171 0 1 1 1
 'HOFJBKGA' 50.3129 11.8759 568 2.2815 -0.0021139639789212 0 1 1 1
 'IJMUBKGA' 52.46198 4.55607 11 2.5118 0.015589468557128 0 1 1 1
 'JOZ2BKGA' 52.09784 21.03236 121 2.4231 0.016274808427504 0 1 1 1
 'JOZEBKGA' 52.09728 21.03155 110 2.4264 0.015954011900544 0 1 1 1
 'KARLBKGA' 49.01125 8.41126 135 2.4808 0.03044318138314 0 1 1 1
 'KOS1BKGA' 52.17336 5.81823 62 2.4441 -0.023659252329231 0 1 1 1
 'LDB2BKGA' 52.20913 14.12093 120 2.3718 0.012049183217274 0 1 1 1
 'LEIJBKGA' 51.35398 12.3741 134 2.3785 -0.0011305428084012 0 1 1 1
 'LIL2BKGA' 50.61351 3.13596 51 2.4884 0.015798899249364 0 1 1 1
 'LINZBKGA' 48.30978 14.28307 289 2.3523 0.010437857744707 0 1 1 1
 'MARSBKGA' 43.27877 5.35379 12 2.4978 0.024531308588462 0 1 1 1
 'MATEBKGA' 40.64914 16.70447 490 2.3227 0.0014179997351538 0 1 1 1
 'MEDIBKGA' 44.51996 11.64682 10 2.5441 -0.020959776122383 0 1 1 1
 'MLVLBKGA' 48.84106 2.58732 116 2.4633 -0.0012581983548667 0 1 1 1
 'OBE4BKGA' 48.08481 11.27786 605 2.3185 -0.0029804568994711 0 1 1 1
 'OSNABKGA' 52.25475 8.04764 106 2.4136 -0.0019411313838971 0 1 1 1
 'PFA3BKGA' 47.51532 9.78467 1044 2.2053 0.0020916678474316 0 1 1 1
 'POTSBKGA' 52.3793 13.0661 104 2.3939 0.012732609338362 0 1 1 1
 'PTBBBKGA' 52.29619 10.45975 87 2.3993 0.013411906203144 0 1 1 1
 'PUYVBKGA' 45.04362 3.87888 657 2.2817 -0.0026596202458977 0 1 1 1
 'SBG2BKGA' 47.80342 13.11044 1278 2.1027 0.0063032113748673 0 1 1 1
 'TIT2BKGA' 51.03524 6.43158 110 2.4293 0.022315762861935 0 1 1 1
 'TRF2BKGA' 47.92797 15.85892 1046 2.1437 0.020622264257836 0 1 1 1
 'VEN1BKGA' 45.43057 12.35408 17 2.5612 -0.011845950943056 0 1 1 1
 'VLISBKGA' 51.44288 3.59733 10 2.5077 0.010978494344189 0 1 1 1
 'WROCBKGA' 51.11326 17.06205 141 2.3889 0.0088207266063667 0 1 1 1
 'WSRTBKGA' 52.91462 6.60451 41 2.4383 -0.0036774659221739 0 1 1 1
 'WTZZBKGA' 49.14421 12.87891 619 2.2787 0.026553759186531 0 1 1 1
 'ZIM2BKGA' 46.8771 7.46504 908 2.2484 0.013835796637355 0 1 1 1
 'BOGIBMEG' 52.475 21.03522 109 2.4322 0.015713551943487 0 1 1 1
 'BOGIBMEL' 52.475 21.03522 109 2.4258 0.009313551943487 0 1 1 1
 '0522GF1U' 49.20212 7.60246 399 2.3803 0.035279517072463 0 1 1 1
 '0527GF1U' 49.64752 7.16578 393 2.4016 -0.0044052479047942 0 1 1 1
 '0405GF1U' 49.5651 8.42504 92 2.4184 0.032410070184154 0 1 1 1
 '0414GF1U' 48.47016 8.51028 702 2.2745 0.0075885821300483 0 1 1 1
 'AJACASI_' 41.92746 8.76262 49 2.487 -0.014749839186689 0 1 1 1
 'GOUMAUT1' 40.94681 22.44742 245 2.377 -0.010941697126879 0 1 1 1
 'IOANAUT1' 39.66405 20.8505 517 2.343 0.021000881845354 0 1 1 1
 'POGNAUT1' 40.00397 20.42281 721 2.2743 -0.0033390036803866 0 1 1 1
 'AUT1GOP1' 40.56683 23.00372 108 2.4446 -0.013525623738712 0 1 1 1
 'KRAWGOP1' 50.06614 19.92047 227 2.3547 0.015083993572497 0 1 1 1
 'STJ9LPT_' 48.62167 7.68382 189 2.4611 -0.0041367796062532 0 1 1 1
 'BOGIROBG' 52.475 21.03522 109 2.4243 0.007813551943487 0 1 1 1
 'AUBUROBH' 48.21686 7.19672 1102 2.1987 0.025150694303117 0 1 1 1
 'BOGEROBH' 52.47522 21.03497 111 2.4364 0.020547439672784 0 1 1 1
 'BOGIROBH' 52.475 21.03522 109 2.4357 0.019213551943487 0 1 1 1
 'BOGOROBH' 52.47594 21.03536 119 2.433 0.019647203359279 0 1 1 1
 'ELBAROBH' 42.75292 10.21111 223 2.4275 0.014382996993293 0 1 1 1
 'JATEROBH' 41.79114 16.05011 817 2.2326 0.013034865448456 0 1 1 1
 'SCOPROBH' 41.75414 9.10086 878 2.2415 -0.035124631682661 0 1 1 1
 'STJ9ROBH' 48.62167 7.68383 189 2.4627 -0.0025360981763494 0 1 1 1
 'TEOSROBH' 42.65372 13.73058 381 2.3719 -0.0068891078632332 0 1 1 1
 'UBENROBH' 41.13061 14.77742 162 2.4565 0.018269481329745 0 1 1 1
 'ELBASGN3' 42.7529 10.21109 223 2.4129 -0.00021022611337695 0 1 1 1
 'STJ9SGN3' 48.62166 7.68381 189 2.4535 -0.011739628281628 0 1 1 1
 'ELBASGN_' 42.7529 10.21109 223 2.4135 0.00038977388662298 0 1 1 1
 'GENOSGN_' 44.41938 8.92114 110 2.5058 0.012715107714511 0 1 1 1
 'STJ9SGN_' 48.62166 7.68381 189 2.4569 -0.0083396282816284 0 1 1 1
 'BOGIGF1G' 52.47499 21.03521 110 2.4255 0.0093291662482371 0 1 1 1
 'AUT1GF1G' 40.56682 23.00372 105 2.45 -0.0090937919219889 0 1 1 1
 'BOGOGF1G' 52.47595 21.03534 120 2.4231 0.010062000626651 0 1 1 1
 'ELBAGF1G' 42.7529 10.2111 222 2.4223 0.0088505833594348 0 1 1 1
 'KLOPGF1G' 50.21976 8.72994 174 2.3764 -0.0012610807131281 0 1 1 1
 'LARMGF1G' 39.61411 22.38791 110 2.4655 -0.0045352066118758 0 1 1 1
 '0140GF1G' 51.0735 13.0286 214 2.3656 0.0018261321676687 1 0 1 0
 '0532GF1G' 49.9516 7.9253 108 2.4239 0.013739319696048 1 0 1 0
 'W183GF1G' 46.98133 15.798 301 2.3623 0.0047944517788099 0 1 1 1
 'W184GF1G' 46.96665 16.00507 325 2.3549 0.011417466105026 0 1 1 1
 'W186GF1G' 46.88224 15.98395 313 2.3544 0.0030188336187469 0 1 1 1
 '0627GF1G' 51.03523 6.43157 110 2.4469 -0.016154599630662 0 1 1 1
 'NBUHGF1G' 50.4434 7.2502 289 2.4138 0.012192718299651 0 1 1 1
 'VKBLGF1G' 50.60708 12.52314 413 2.3112 2.7901100839056e-05 0 1 1 1
 'EMDGGF1G' 50.38272 7.28767 236 2.4196 0.018551249408612 0 1 1 1
 'EMONGF1G' 50.48111 7.44256 323 2.4019 0.056367629742729 0 1 1 1
 '0414GF1G' 48.47016 8.51028 702 2.2741 0.0071885821300479 0 1 1 1
 'EANTGF1G' 50.43835 7.32315 234 2.4289 0.034437466688844 0 1 1 1
 'BOGIGF1R' 52.47499 21.03521 110 2.4276 0.011429166248237 0 1 1 1
 'AUTNGF1R' 46.9538 4.289 303 2.3988 0.022881275870243 1 0 1 0
 'BOGOGF1R' 52.47595 21.03534 120 2.4229 0.0098620006266508 0 1 1 1
 'BSCNGF1R' 47.24688 5.98939 310 2.359 -0.0036258994097698 0 1 1 1
 'ELBAGF1R' 42.7529 10.2111 222 2.4221 0.0086505833594348 0 1 1 1
 'MOPIGF1R' 48.37273 17.27388 533 2.2691 0.015290692121632 0 1 1 1
 'DILLGF1R' 49.37157 6.69968 179 2.4494 0.00074389398954189 0 1 1 1
 'GOETGF1R' 51.50051 9.95057 175 2.3839 0.016456952176634 0 1 1 1
 'GOR2GF1R' 53.04971 11.34961 21 2.4205 0.014891772699528 0 1 1 1
 'LDB2GF1R' 52.20913 14.12092 120 2.3734 -0.00033995374452722 0 1 1 1
 'HOBUGF1U' 53.05063 10.4763 111 2.3848 0.0016745491778498 0 1 1 1
 '0513GF1U' 50.3293 7.24307 288 2.4001 0.02024104769379 0 1 1 1
 '0526GF1U' 50.21015 6.42754 450 2.3416 0.037930581325248 0 1 1 1
 '0528GF1U' 49.70488 7.66528 182 2.4353 0.019077533498233 0 1 1 1
 '0656GF1U' 53.14235 8.20223 29 2.4287 -0.0050046328311311 0 1 1 1
 '0679GF1U' 53.09687 11.09845 27 2.4177 0.017506674500144 0 1 1 1
 '0681GF1U' 51.75053 9.39104 113 2.3871 0.018926894680274 0 1 1 1
 '0686GF1U' 52.31368 10.54822 97 2.3842 0.008564564349038 0 1 1 1
 'BOGEBKGA' 52.47522 21.03498 111 2.4232 0.0073471777180751 0 1 1 1
 'BOGIBKGA' 52.47499 21.03522 109 2.4257 0.0092136912353022 0 1 1 1
 'BOGIASIC' 52.47499 21.03522 109 2.4154 0.013432514874835 0 1 1 1
 'BOGOASIC' 52.47595 21.03535 119 2.4123 0.013479713156837 0 1 1 1
 'CLIBASIC' 50.7717 15.05989 404 2.2942 -0.004013413316017 0 1 1 1
 'ELBAASIC' 42.7529 10.2111 222 2.4008 -0.0067037800925211 0 1 1 1
 'LUMIASIC' 42.6029 8.8274 8 2.5465 0.028916451169609 1 0 1 0
 'SCOPASIC' 41.7541 9.1009 878 2.2665 0.017213550034323 1 0 1 0
 'STJ9ASIC' 48.62167 7.68382 189 2.4345 0.0081365416230543 0 1 1 1
 'ELBAASI_' 42.7529 10.2111 223 2.4043 -0.0028724947614283 0 1 1 1
 'FOGGASI_' 41.4522 15.5321 100 2.42 -0.024363205106121 1 0 1 0
 'ISRNASI_' 41.6077 14.26624 530 2.354 0.016120334761953 0 1 1 1
 'JATEASI_' 41.79113 16.0501 818 2.2061 0.017442041849816 0 1 1 1
 'TEOSASI_' 42.65372 13.73059 381 2.3583 -0.011869606260821 0 1 1 1
 'UBENASI_' 41.13062 14.77742 162 2.4493 0.024416176183846 0 1 1 1
 'VLFRASI_' 45.39022 10.86721 70 2.5274 -0.0027480392112098 0 1 1 1
 'ALPESGN3' 45.08661 6.08346 1839 2.0045 0.033713466946319 0 1 1 1
 '0144GF1R' 50.45496 12.74296 885 2.193 -0.00012827275718807 0 1 1 1
 '0153GF1R' 51.4505 14.1883 132 2.3725 0.01669534511558 1 0 1 0
 'GRASGF1U' 43.75474 6.92057 1268 2.1368 -0.00073293601972235 0 1 1 1
 'IENGGF1G' 45.01513 7.6394 264 2.471 0.03143145927715 0 1 1 1
 'EWHRGF1G' 50.42152 7.21948 307 2.4049 0.0024481386993349 0 1 1 1
 'EEMGGF1G' 50.34517 7.3486 216 2.4255 6.6531012076876e-05 0 1 1 1
 'BOGOBKGA' 52.47595 21.03535 119 2.4135 0.014679713156837 0 1 1 1
 'VAUDSGN_' 46.98116 5.62686 222 2.3792 -0.026172684400848 0 1 1 1
 'VERNSGN_' 45.21126 3.22949 892 2.2187 -0.019820539247627 0 1 1 1
 'BME1ASIC' 47.47902 19.0577 135 2.3778 -0.0057839517869458 0 1 1 1
 'DUB2ASIC' 42.65017 18.11032 417 2.3331 -0.018630193230133 0 1 1 1
 'FRNEASIC' 41.64485 13.30093 183 2.4802 0.0016993865968722 0 1 1 1
 'GARIASIC' 44.6769 12.24944 7 2.5435 0.016677591345512 0 1 1 1
 'IGMIASIC' 43.79565 11.2138 49 2.5487 0.037414661192902 0 1 1 1
 'MDEUASIC' 40.88977 9.16258 528 2.2875 -0.022125537068442 0 1 1 1
 '0149GF1G' 50.9356 14.1792 293 2.3287 -0.0055369909362426 1 0 1 0
 '0139GF1G' 51.3549 14.9657 178 2.3575 -0.014824743368234 1 0 1 0
 'KLOPASI_' 50.21977 8.72994 174 2.3905 0.022829127275402 0 1 1 1
 'IGMIGF1G' 43.79565 11.2138 49 2.528 0.017364114635286 0 1 1 1
 'MARSGF1R' 43.27877 5.35379 12 2.4998 0.011583032353732 0 1 1 1
 'AXPVGF1R' 43.4912 5.3332 178 2.4489 0.0111375772498 1 0 1 0
 'CPARGF1R' 50.03955 15.78325 237 2.3462 -0.0040823168926263 0 1 1 1
 'CRAKGF1R' 50.10239 13.72924 336 2.3295 -0.011577045668452 0 1 1 1
 'EUSKGF1R' 50.67413 6.76354 198 2.4158 -0.0088421982458131 0 1 1 1
 'IGMIGF1R' 43.79565 11.2138 49 2.5309 0.020264114635286 0 1 1 1
 'KARLGF1R' 49.01125 8.41126 133 2.4398 0.020016885551905 0 1 1 1
 'KLOPGF1R' 50.21976 8.72994 174 2.4025 0.034828289929441 0 1 1 1
 'MLVLGF1R' 48.84106 2.58731 114 2.4533 0.0024996199459726 0 1 1 1
 'PUYVGF1R' 45.04362 3.87887 657 2.287 0.010341057186495 0 1 1 1
 'SPRNGF1R' 47.68364 16.58305 232 2.348 -0.0039073315712912 0 1 1 1
 'TUBOGF1R' 49.20589 16.59284 278 2.3454 -0.0068871865309434 0 1 1 1
 'VEN1GF1R' 45.43057 12.35408 15 2.5253 0.021297755284933 0 1 1 1
 'POREGF1R' 45.22601 13.59504 23 2.5265 -0.010690201704426 0 1 1 1
 'DIEPGF1R' 52.58806 8.34223 39 2.4457 -0.0079749212873708 0 1 1 1
 'KLOPGF1U' 50.21976 8.72994 174 2.4044 0.036728289929441 0 1 1 1
 'WTZSROBG' 49.14478 12.87864 617 2.2836 0.01935347721455 0 1 1 1
 'VISNROBH' 44.31986 4.94922 195 2.4331 0.022164898167957 0 1 1 1
 'BLAYSGN1' 45.27505 4.65036 445 2.3342 -0.012395686260722 0 1 1 1
 'VISNSGN3' 44.31985 4.94922 195 2.4239 0.012965391597968 0 1 1 1
 'CYLMSGN_' 46.29113 4.78011 193 2.4081 -0.0023373698348377 0 1 1 1
 'DBMHSGN_' 48.6038 6.3641 229 2.431 0.060443942462173 0 0 1 1
 'LESASGN_' 43.5606 4.6841 19 2.4736 0.0090893137269599 1 0 1 0
 'VISNSGN_' 44.31985 4.94922 195 2.4252 0.014265391597968 0 1 1 1
 'VISNASIC' 44.3199 4.9492 195 2.4281 0.0077250966640583 1 0 1 0
 'USALGF1R' 40.33492 18.11149 28 2.4523 -0.0028388056920927 0 1 1 1
 'BAIABKGA' 47.65179 23.55772 232 2.3794 0.012433559213524 0 1 1 1
 'SOFIMR54' 42.55609 23.39473 1075 2.1615 0.038165759808357 0 1 1 1
 'KRAWASIC' 50.06614 19.92048 226 2.3458 0.0082004719443947 0 1 1 1
 'SOFIROBH' 42.55608 23.39475 1075 2.1438 0.0204653333895 0 1 1 1
 'SOFIGF1U' 42.5561 23.39473 1074 2.1555 0.031883440877828 0 1 1 1
 'ZIMMGF1U' 46.8771 7.46528 905 2.2448 -0.0089648662919242 0 1 1 1
 'SOFILPT_' 42.5561 23.39474 1075 2.1387 0.024411068437041 0 1 1 1
 'SOFIASIC' 42.5561 23.39474 1075 2.1297 0.015411068437041 0 1 1 1
 'SERGAUT1' 41.28592 23.03744 385 2.3438 -0.0088553094396677 0 1 1 1
 'CHE2SGN_' 48.66719 2.88289 123 2.5046 0.039843181728619 0 1 1 1
 'CRAUSGN_' 43.12389 6.07598 46 2.4989 -0.019783723890704 0 1 1 1
 'CRTSSGN_' 44.72601 5.01808 196 2.4832 -0.038435708819634 0 1 1 1
 'LAIGSGN_' 47.8424 4.373 239 2.4954 0.01817172049994 1 0 1 0
 'VIN1SGN_' 47.70573 3.62695 118 2.5097 0.0028514304004417 0 1 1 1
 'VNTESGN_' 49.43353 2.77988 93 2.4414 0.014369729653409 0 1 1 1
 'VOUZSGN_' 49.3964 4.6922 121 2.5216 -0.0017521495314949 1 0 1 0
 'VRCTSGN_' 47.34129 5.11243 229 2.4883 -0.0040912807131388 0 1 1 1
 'VSOUSGN_' 47.6169 6.1683 231 2.4708 -0.025041193941034 1 0 1 0
 'SARTASIC' 39.49012 9.24543 603 2.3364 0.002137677452295 0 1 1 1
 'WTZZGF1R' 49.14421 12.8789 619 2.3336 0.021772094828317 0 1 1 1
 'BELEAUT1' 39.29494 23.13333 11 2.4978 0.020193736908307 0 1 1 1
 'ELASAUT1' 39.89244 22.20617 304 2.3881 0.020110045157841 0 1 1 1
 'CONNSGN_' 48.73019 3.91781 111 2.5023 0.010097053130904 0 1 1 1
 'SOFIGF1R' 42.5561 23.39473 1074 2.1224 0.016732867983526 0 1 1 1
 'BUTEGF1R' 47.48095 19.05653 135 2.3686 0.011446775032228 0 1 1 1
 'DUB2GF1R' 42.65016 18.11031 414 2.3069 0.0072145865604241 0 1 1 1
 'POZEGF1R' 45.33282 17.67546 166 2.3584 -0.013955691893855 0 1 1 1
 'SOFIGF1G' 42.5561 23.39473 1074 2.1214 0.015732867983526 0 1 1 1
 'CAKOGF1R' 46.3871 16.43907 175 2.3517 -0.0091757753937509 0 1 1 1
 'POZEBMEL' 45.33283 17.67547 167 2.374 -0.022849797555552 0 1 1 1
 'TUDASGN_' 42.60442 9.36203 408 2.4185 0.039967116388107 0 1 1 1
 'TUDASGN3' 42.60442 9.36203 408 2.4173 0.038767116388107 0 1 1 1
 'TUDAASIC' 42.60442 9.36203 408 2.4132 0.034667116388106 0 1 1 1
 'TX05GF1R' 46.80695 11.57211 803 2.341 0.026741924688919 0 1 1 1
 'TX02GF1R' 46.7845 11.23102 594 2.3821 0.021020372863489 0 1 1 1
 'TX03GF1R' 46.64795 10.99118 539 2.3963 0.043236563556665 0 1 1 1
 'TX06GF1R' 46.59518 11.52904 467 2.427 0.030477868362325 0 1 1 1
 'TX07GF1R' 46.60519 11.45669 2052 1.9765 0.0089835274903876 0 1 1 1
 'TX08GF1R' 46.45523 11.32192 238 2.4996 0.089221378040917 0 1 1 1
 'TX05GF1G' 46.80695 11.57211 803 2.3436 0.029341924688919 0 1 1 1
 'TX02GF1G' 46.7845 11.23102 594 2.379 0.01792037286349 0 1 1 1
 'TX03GF1G' 46.64795 10.99118 539 2.3946 0.041536563556665 0 1 1 1
 'TX06GF1G' 46.59518 11.52904 467 2.4257 0.029177868362324 0 1 1 1
 'TX07GF1G' 46.60519 11.45669 2052 1.9749 0.0073835274903877 0 1 1 1
 'TX08GF1G' 46.45523 11.32192 238 2.4983 0.087921378040917 0 1 1 1
 'EKARASI_' 45.84926 11.56879 1367 2.1391 0.009966556273989 0 1 1 1
 'CHPOSGN_' 49.53688 4.2646 87 2.3969 0.0040547750389215 0 1 1 1
 'GIURASI_' 40.1244 18.43 84 2.4264 0.014306011613106 1 0 1 0
 '0140GF1R' 51.07355 13.02862 214 2.3802 0.0044149490524803 0 1 1 1
 '0148GF1R' 50.4924 12.1005 416 2.3178 -0.0066398915638479 1 0 1 0
 '0149GF1R' 50.93556 14.17925 293 2.3549 -0.0013474942185483 0 1 1 1
 '0154GF1R' 51.221 14.1259 238 2.3678 0.0013785724592146 1 0 1 0
 '0156GF1R' 50.7089 13.4237 697 2.238 -0.0016338547215784 1 0 1 0
 '0157GF1R' 51.0769 13.7596 157 2.3959 0.0090627648941344 1 0 1 0
 '0142GF1R' 51.29714 13.74083 156 2.3927 0.0091019791898868 0 1 1 1
 '0151GF1R' 51.2933 13.12561 169 2.3969 0.0080027161187304 0 1 1 1
 'AGDSROBH' 43.31267 3.47433 18 2.5633 0.01910362155476 0 1 1 1
 'AGDSASIC' 43.31267 3.47433 18 2.567 0.02280362155476 0 1 1 1
 'ARTAAUT1' 39.15881 20.99175 86 2.4679 0.024435633318031 0 1 1 1
 'IGOUAUT1' 39.51 20.26269 12 2.5041 0.017496824226028 0 1 1 1
 'TX01GF1R' 46.63522 11.35924 988 2.2064 0.01969596236115 0 1 1 1
 'SOFIGOP1' 42.5561 23.3947 1075 2.1454 -0.014608585499906 1 0 1 0
 'BAIAROBH' 47.65178 23.55772 231 2.4621 0.0065346830002189 0 1 1 1
 'BAIAASIC' 47.65179 23.55772 232 2.4605 0.0052691526510102 0 1 1 1
 'GINOASI_' 40.57798 16.75777 274 2.3992 0.055754097322956 0 1 1 1
 'TX01GF1G' 46.63522 11.35924 988 2.2413 0.015246112522668 0 1 1 1
 'BAIABMEG' 47.65178 23.55769 232 2.395 0.0076517010894701 0 1 1 1
 'AVE1ASI_' 40.9119 14.7833 372 2.4081 0.049279580537945 1 0 1 0
 'SAL1ASI_' 40.4172 15.5566 457 2.3654 0.018642645946048 1 0 1 0
 '0143GF1G' 50.7323 12.5203 353 2.3274 -0.0024599463099846 1 0 1 0
 'JOUXROBH' 46.5286 5.7957 795 2.2596 0.0063085268777132 1 0 1 0
 'KRAWMTRS' 50.06614 19.92047 227 2.4403 -0.037282607218806 0 1 1 1
 'POTMROBQ' 52.37928 13.06608 104 2.4348 0.013478120995622 0 1 1 1
 'ZUGGROBQ' 47.42078 10.98461 2944 1.6467 0.00030960477805775 0 1 1 1
 'KDA2ROBH' 46.06506 13.56086 812 2.2618 0.043799902966004 0 1 1 1
 'AXPVIGER' 43.49122 5.3332 180 2.3721 0.0074399231415145 0 1 1 1
 'BADHIGER' 50.22798 8.60986 213 2.394 -0.0052842513135714 0 1 1 1
 'ZIMMGF1R' 46.8771 7.46528 905 2.1996 0.019048298421497 0 1 1 1
 'MRCOGF1R' 40.29722 15.80634 889 2.2485 0.002943727855123 0 1 1 1
 'MRCOGF1G' 40.29722 15.80634 889 2.2503 0.0047437278551232 0 1 1 1
 'GARIIGE2' 44.67691 12.24944 7 2.4206 -0.0030200111442893 0 1 1 1
 'TORILPT_' 45.06337 7.66129 263 2.3034 0.026650551983765 0 1 1 1
 'TORIROBH' 45.06336 7.66128 261 2.3104 0.033095829789208 0 1 1 1
 'TORISGN_' 45.06337 7.66128 261 2.2932 0.015895882874207 0 1 1 1
 'TORISGN3' 45.06337 7.66128 261 2.2986 0.021295882874206 0 1 1 1
 'TORIASIC' 45.06337 7.66129 263 2.3015 0.024750551983765 0 1 1 1
 'TORIBKGA' 45.06337 7.66129 263 2.2934 0.016650551983765 0 1 1 1
 'ANG2ASI_' 40.93092 15.18394 873 2.1614 0.027093354443203 0 1 1 1
 'PALISGN1' 43.37597 4.81046 11 2.3762 -0.003329095085042 0 1 1 1
 'TORIGF1R' 45.06337 7.66128 259 2.3093 0.0046951107331541 0 1 1 1
 'ZIMMGF1G' 46.8771 7.46528 905 2.1712 0.01390206626914 0 1 1 1
 'TORIGF1G' 45.0634 7.6613 259 2.3093 -0.043155336370232 1 0 1 0
 'TORIASI_' 45.06337 7.66128 263 2.3101 0.0022013385849666 0 1 1 1
 'PALIROBH' 43.376 4.8105 11 2.3828 0.012840982835025 1 0 1 0
 'WSRTMG54' 52.91461 6.6045 41 2.413 -0.010820017685402 0 1 1 1
 'ZIM2MG54' 46.87709 7.46503 908 2.178 0.0055300537550265 0 1 1 1
 'WSRTMR54' 52.91461 6.6045 41 2.4275 -0.0056229121163431 0 1 1 1
 'ZIM2MR54' 46.87709 7.46503 908 2.1791 0.013293929713089 0 1 1 1
 'SOFIMG54' 42.55609 23.39473 1075 2.1295 0.03076344747953 0 1 1 1
 '0077GF1R' 52.89256 11.75051 37 2.4606 0.0069370655077696 0 1 1 1
 '0082GF1R' 51.6318 12.3242 94 2.4402 -0.0052595025299289 1 0 1 0
 '0084GF1R' 51.47383 11.29061 164 2.4101 -0.0075795279173323 0 1 1 1
 '0090GF1R' 51.8645 12.6858 91 2.4377 0.0033389887775095 1 0 1 0
 '0092GF1R' 52.82004 12.07198 40 2.4609 0.0072952257652097 0 1 1 1
 '0094GF1R' 51.1999 11.967 124 2.4423 -0.0013361145156963 1 0 1 0
 '0095GF1R' 52.1162 12.0733 88 2.4441 0.0014276005048219 1 0 1 0
 '0099GF1R' 52.8272 11.1991 43 2.4257 -0.010103598440096 1 0 1 0
 '0100GF1R' 52.2844 11.4101 71 2.4307 -0.0091363732264775 1 0 1 0
 '1072GF1R' 52.6284 11.177 84 2.41 -0.014874073535038 1 0 1 0
 '0083GF1R' 51.8833 11.0558 135 2.416 0.013519745288663 1 0 1 0
 '0098GF1R' 52.13 11.6303 85 2.4363 -0.0074766399305264 1 0 1 0
 '0077GF1G' 52.8926 11.7505 37 2.4602 0.011428470072743 1 0 1 0
 '0082GF1G' 51.63176 12.32418 94 2.4408 -0.0056696712913493 0 1 1 1
 '0084GF1G' 51.4738 11.2906 164 2.4109 -0.0049832660739688 1 0 1 0
 '0090GF1G' 51.86451 12.68579 91 2.4358 -0.0030169630563504 0 1 1 1
 '0092GF1G' 52.82 12.072 40 2.462 0.0085347555308104 1 0 1 0
 '0094GF1G' 51.19991 11.96705 124 2.443 -0.0033067505433206 0 1 1 1
 '0095GF1G' 52.11619 12.07334 88 2.4449 -0.0016369672563026 0 1 1 1
 '0099GF1G' 52.82724 11.19907 43 2.4289 -0.0081362354114267 0 1 1 1
 '0100GF1G' 52.2844 11.41012 71 2.4309 -0.012568902686676 0 1 1 1
 '1072GF1G' 52.6284 11.17701 84 2.4126 -0.015402062672189 0 1 1 1
 '0083GF1G' 51.88331 11.05581 135 2.4163 0.014359305906345 0 1 1 1
 '0098GF1G' 52.13001 11.63033 85 2.4392 -0.0067250685795255 0 1 1 1
 'WTZRNGA1' 49.1442 12.8789 619 2.2889 0.0084519358197288 0 1 1 1
 'ORIDMR54' 41.12731 20.79405 731 2.2177 0.0057274904464735 0 1 1 1
 'WTZRMR54' 49.1442 12.87891 619 2.2885 0.0080520200629492 0 1 1 1
 'WTZRBKGA' 49.1442 12.87891 619 2.2857 0.0052520200629491 0 1 1 1
 'VTRBASI_' 42.44065 12.05828 303 2.3362 0.014778483546516 0 1 1 1
 'BUTEBKGA' 47.48095 19.05654 137 2.4152 -0.0084578760015708 0 1 1 1
 'IENGGF1R' 45.01513 7.6394 264 2.3997 0.021511229751122 0 1 1 1
 'ZIMMMG54' 46.87709 7.46527 908 2.1813 0.0039182003277674 0 1 1 1
 '1072GF1U' 52.6284 11.17701 84 2.4738 0.0056763569578306 0 1 1 1
 '0083GF1U' 51.88331 11.05581 135 2.4392 -0.01388385734682 0 1 1 1
 '0098GF1U' 52.13001 11.63033 85 2.4578 -0.004316966352699 0 1 1 1
 '0533GF1U' 49.19789 8.10933 162 2.4232 -0.012589716784585 0 1 1 1
 '0077GF1U' 52.89256 11.75051 37 2.4924 0.0020915746144565 0 1 1 1
 '0082GF1U' 51.63176 12.32418 94 2.4661 0.0035265301317646 0 1 1 1
 '0084GF1U' 51.47383 11.29061 164 2.4395 -0.0079186342522237 0 1 1 1
 '0090GF1U' 51.86451 12.68579 91 2.4701 0.011599210888091 0 1 1 1
 '0092GF1U' 52.82004 12.07198 40 2.494 0.01164169795564 0 1 1 1
 '0094GF1U' 51.19991 11.96705 124 2.453 -0.0066843574227979 0 1 1 1
 '0095GF1U' 52.11619 12.07334 88 2.4702 0.010098596531303 0 1 1 1
 '0099GF1U' 52.82724 11.19907 43 2.4875 0.0079681808113921 0 1 1 1
 '0100GF1U' 52.2844 11.41012 71 2.4658 -0.0022172465420582 0 1 1 1
 '0143GF1R' 50.73228 12.52035 353 2.3791 0.013744855301244 0 1 1 1
 'WTZRGF1R' 49.1442 12.87891 619 2.3025 0.021223147808229 0 1 1 1
 '0531GF1U' 49.99211 6.19485 512 2.2959 0.0039276255011158 0 1 1 1
 'BOGIMG54' 52.47499 21.03521 109 2.4605 -0.0029748881164133 0 1 1 1
 'BRMGMG54' 47.90773 7.63287 212 2.3998 0.01183187820367 0 1 1 1
 'FFMJMG54' 50.09058 8.66496 130 2.4227 -0.017981197292444 0 1 1 1
 'LEIJMG54' 51.35398 12.37409 135 2.4622 0.0047423678905862 0 1 1 1
 'M0SEMG54' 41.89311 12.49325 72 2.5051 -0.027901269893183 0 1 1 1
 'TIT2MG54' 51.03523 6.43157 110 2.4497 -0.013723205623685 0 1 1 1
 'WROCMG54' 51.11326 17.06204 141 2.4516 0.0071010165867476 0 1 1 1
 'RIXHROBH' 47.73328 7.37803 317 2.3906 0.0075218659536618 0 1 1 1
 'RIXHSGN_' 47.73328 7.37801 317 2.3919 0.0088221877393742 0 1 1 1
 'RIXHSGN3' 47.73328 7.37801 317 2.3838 0.00072218773937394 0 1 1 1
 'RIXHASIC' 47.73328 7.37803 317 2.3881 -0.0056025340436605 0 1 1 1
 'KDA1BMEL' 46.06506 13.56083 812 2.2533 0.0021213386404932 0 1 1 1
 'BBYSROBH' 48.7518 19.151 444 2.3553 0.024874705151283 0 1 1 1
 'DVCNROBH' 48.30717 18.68281 250 2.4025 0.0042246504292605 0 1 1 1
 'MOP2ROBH' 48.37269 17.27383 537 2.3316 0.034972572599607 0 1 1 1
 'GANPROBH' 49.03472 20.32294 704 2.2706 0.027093289480732 0 1 1 1
 'MOP2MTGH' 48.37269 17.27383 538 2.3274 0.031080013654805 0 1 1 1
 'GANPMG54' 49.03471 20.32293 704 2.2817 0.038192222969009 0 1 1 1
 'GANPASIC' 49.03471 20.32294 702 2.2702 0.026061693473145 0 1 1 1
 'MOP2ASIC' 48.37269 17.27384 535 2.3301 0.032857861878152 0 1 1 1
 'GANPGF1R' 49.0347 20.3229 702 2.2647 0.019927240519562 1 0 1 0
 'BBYSGF1R' 48.7518 19.151 442 2.3625 0.031418770558974 0 1 1 1
 'MOP2GF1R' 48.37269 17.27384 535 2.33 0.032757861878153 0 1 1 1
 'GANPGF1G' 49.03471 20.32294 702 2.2657 0.021561693473145 0 1 1 1
 'BBYSGF1G' 48.7518 19.151 442 2.3633 0.032218770558974 0 1 1 1
 'MOP2GF1G' 48.37269 17.27384 535 2.3314 0.034157861878152 0 1 1 1
 'MOP2LPT_' 48.3727 17.2738 538 2.3097 0.006825362230463 1 0 1 0
 'BBYSASIC' 48.7518 19.15101 444 2.3671 0.032204467073265 0 1 1 1
 'BBYSBKGA' 48.7518 19.15101 444 2.3869 0.052004467073264 0 1 1 1
 'GANPBKGA' 49.03472 20.32294 704 2.3434 0.074195000123791 0 1 1 1
 'MOP2BKGA' 48.3727 17.27384 538 2.3171 0.020366980201112 0 1 1 1
 'PTBBROBQ' 52.29619 10.45975 87 2.4705 -0.011036413356179 0 1 1 1
 'LARMROBH' 39.61411 22.38792 114 2.4342 0.009960822835045 0 1 1 1
 'BBYSASI_' 48.7518 19.151 444 2.3962 0.0028641044843525 1 0 1 0
 'ZIMMMR54' 46.87709 7.46527 908 2.2346 -2.333757674533e-05 0 1 1 1
 'ZOUFGF1R' 46.55722 12.97355 1898 1.9761 0.0051025683547259 0 1 1 1
 'ZADAGF1R' 44.11317 15.22758 21 2.4616 -0.012262389244624 0 1 1 1
 'BBYSGOP1' 48.7518 19.151 444 2.2962 0.0093939981494167 0 1 1 1
 'GANPGOP1' 49.03472 20.32294 704 2.2357 0.011072363866294 0 1 1 1
 'MOP2GOP1' 48.37269 17.27383 538 2.2917 -0.010915783180388 0 1 1 1
 'HUVOGOP1' 47.87261 18.19306 115 2.4297 -0.0063161049035552 0 1 1 1
 'JASLGOP1' 48.48619 17.66436 178 2.4181 -0.011915514975445 0 1 1 1
 'KAMEGOP1' 48.93467 21.99414 177 2.3961 0.013839295665096 0 1 1 1
 'KOLSGOP1' 48.93447 22.27475 447 2.3263 0.024886404547175 0 1 1 1
 'KOSEGOP1' 48.7531 21.2451 252 2.3763 0.0024085264092961 1 0 1 0
 'KUZAGOP1' 49.2273 18.7389 348 2.3261 0.003184476298812 1 0 1 0
 'PEMBGOP1' 48.6302 18.3407 211 2.3838 -0.0017230305381108 1 0 1 0
 'SKDSGOP1' 47.9959 17.6073 128 2.4618 0.0024532598978841 1 0 1 0
 'SKMTGOP1' 49.0823 18.9337 402 2.3192 0.0053465104241477 1 0 1 0
 'SKPBGOP1' 49.1155 18.4444 300 2.3466 -0.0021830120044619 1 0 1 0
 'SKSKGOP1' 49.3082 21.5709 261 2.361 0.0075408483679702 1 0 1 0
 'SKSVGOP1' 48.99036 22.15417 236 2.3802 0.017943747641394 0 1 1 1
 'TRCNGOP1' 48.89481 18.01775 211 2.3966 0.016033194025793 0 1 1 1
 'TRE9GOP1' 48.6195 21.7186 131 2.4128 -0.012916426161242 1 0 1 0
 'VRANGOP1' 48.85683 21.67225 136 2.4046 0.005149328693852 0 1 1 1
 'ZELIGOP1' 48.04592 18.64128 141 2.412 0.000496377759311 0 1 1 1
 'ZVOLGOP1' 48.59464 19.13581 333 2.3259 -0.0062526117557562 0 1 1 1
 'TELGGOP1' 48.84842 20.18769 907 2.1972 0.01006715770669 0 1 1 1
 'RISAGOP1' 48.37389 20.00569 218 2.415 -0.0069262371981917 0 1 1 1
 'LRTZROBH' 48.69053 6.1915 215 2.387 0.0037428212759161 0 1 1 1
 'SIRTROBH' 48.7122 2.2085 173 2.4677 0.0030407632887255 1 0 1 0
 'SIRTASIC' 48.71217 2.2085 173 2.4724 0.01190415322616 0 1 1 1
 'AMIYROBH' 47.96503 2.72817 105 2.4489 -0.00055355122638812 0 1 1 1
 'AMNSROBH' 49.8588 2.2384 45 2.4824 -0.010765529230533 1 0 1 0
 'ANDEROBH' 48.7908 4.9543 174 2.3991 -0.01029828196005 1 0 1 0
 'BAL2ROBH' 47.93094 7.54031 215 2.3938 0.0050414470973865 0 1 1 1
 'BLAYROBH' 45.27505 4.65036 445 2.3604 -0.0096704406826786 0 1 1 1
 'BOVEROBH' 49.42989 2.11919 92 2.4498 -0.018015384693659 0 1 1 1
 'BRM2ROBH' 48.71122 7.70661 151 2.3943 0.0031536935982088 0 1 1 1
 'BVOIROBH' 50.3695 2.2386 145 2.4552 -0.014988834484085 1 0 1 0
 'CHE2ROBH' 48.66719 2.88289 123 2.4438 -0.0099096106895598 0 1 1 1
 'CLMTROBH' 45.77505 3.14553 342 2.3908 -0.0043264770957814 0 1 1 1
 'CYLMROBH' 46.29114 4.78011 194 2.4698 -0.012493613679423 0 1 1 1
 'DEQUROBH' 45.86997 6.62994 1115 2.2015 0.014571621369035 0 1 1 1
 'DHUIROBH' 48.3994 2.1766 160 2.4332 -0.0037193009123375 1 0 1 0
 'FEURROBH' 45.7348 4.2292 351 2.3978 -0.010440265999135 1 0 1 0
 'GIE1ROBH' 47.613 2.78156 166 2.435 0.0035198971015236 0 1 1 1
 'MIREROBH' 48.2949 6.1213 303 2.3649 0.0021452427635875 1 0 1 0
 'MNBLROBH' 47.49583 6.80614 364 2.3497 0.016164211023818 0 1 1 1
 'MONSROBH' 46.54856 3.28558 264 2.4246 0.0056245056583166 0 1 1 1
 'NOGTROBH' 48.03533 5.34797 406 2.3366 -0.0077071035634111 0 1 1 1
 'ROMYROBH' 49.17378 3.76872 229 2.4235 0.0039769250232147 0 1 1 1
 'STAZROBH' 45.53986 5.52794 415 2.3995 -0.0057525438931663 0 1 1 1
 'THNVROBH' 49.36392 6.17033 164 2.4021 0.0079428656556089 0 1 1 1
 'VAUDROBH' 46.98117 5.62686 222 2.4119 -0.025069508711299 0 1 1 1
 'VERNROBH' 45.21128 3.2295 892 2.2221 0.0056771732162648 0 1 1 1
 'AMNSASIC' 49.85883 2.23836 45 2.4883 -0.014730657060376 0 1 1 1
 'BAL2ASIC' 47.9309 7.5403 215 2.404 0.013294850442549 1 0 1 0
 'BRM2ASIC' 48.71122 7.70661 151 2.4009 0.009753693598209 0 1 1 1
 'BVOIASIC' 50.36947 2.23864 145 2.4653 -0.009147149746318 0 1 1 1
 'CHE2ASIC' 48.66719 2.88289 123 2.4535 -0.00020961068955971 0 1 1 1
 'CYLMASIC' 46.29114 4.78011 194 2.472 -0.010293613679423 0 1 1 1
 'DEQUASIC' 45.86997 6.62994 1115 2.2005 0.013571621369035 0 1 1 1
 'DHUIASIC' 48.39936 2.17658 160 2.4446 0.0081471686034207 0 1 1 1
 'FEURASIC' 45.73481 4.22925 351 2.4091 0.0038818378644012 0 1 1 1
 'GIE1ASIC' 47.613 2.7816 166 2.4437 0.0084139392557971 1 0 1 0
 'MIREASIC' 48.29486 6.12133 303 2.3723 0.0094808560753563 0 1 1 1
 'MNBLASIC' 47.4958 6.8061 364 2.3499 0.0065606748087741 1 0 1 0
 'MONSASIC' 46.5486 3.2856 264 2.4295 0.0095908095526638 1 0 1 0
 'NOGTASIC' 48.0353 5.348 406 2.3383 -0.0085816722592673 1 0 1 0
 'ROMYASIC' 49.1738 3.7687 229 2.4298 0.012240346691026 1 0 1 0
 'STAZASIC' 45.53986 5.52794 415 2.4014 -0.0038525438931662 0 1 1 1
 'THNVASIC' 49.36392 6.17033 164 2.4065 0.012342865655609 0 1 1 1
 'VAUDASIC' 46.98117 5.62686 222 2.4153 -0.021669508711299 0 1 1 1
 'VERNASIC' 45.2113 3.2295 892 2.2289 0.0086270918657028 1 0 1 0
 'CFRMGF1R' 49.68479 18.35318 329 2.3711 0.0055202001736361 0 1 1 1
 'DELFMS54' 51.98612 4.38758 31 2.3933 -0.033065356994697 0 1 1 1
 'DENTMS54' 50.9337 3.39967 20 2.4708 -0.048448851807942 0 1 1 1
 'DOURMS54' 50.09488 4.59495 237 2.4068 -0.043178872866918 0 1 1 1
 'EIJSMS54' 50.75824 5.68361 57 2.3932 -0.030183472163674 0 1 1 1
 'IJMUMS54' 52.46197 4.55606 11 2.4074 -0.036671366502656 0 1 1 1
 'KARLMS54' 49.01124 8.41125 135 2.3685 -0.049947239809251 0 1 1 1
 'SRJVMS54' 43.86785 18.41389 599 2.2758 0.025500510252634 0 1 1 1
 'TORIMS54' 45.06337 7.66128 263 2.4135 0.032832330363408 0 1 1 1
 'VLISMS54' 51.44287 3.59733 10 2.4732 -0.056952936888108 0 1 1 1
 'WAREMS54' 50.68987 5.24531 142 2.3676 -0.05188216689025 0 1 1 1
 'GKU4GOP1' 48.15731 17.17192 152 2.4413 0.014678840918384 0 1 1 1
 'SPVLGOP1' 48.95475 20.79181 391 2.3415 0.013589295300986 0 1 1 1
 'SKSLGOP1' 49.3009 20.6866 566 2.3018 0.0033536173439366 1 0 1 0
 'BBYSWUEL' 48.7518 19.151 444 2.3573 0.00144098905167 0 1 1 1
 'BEDZWUEL' 50.34453 19.15936 274 2.3974 0.012555475825704 0 1 1 1
 'BIA2WUEL' 49.3902 20.0987 713 2.2649 -0.0067297960030266 1 0 1 0
 'BOGIWUEL' 52.475 21.03522 109 2.4462 0.026874536736875 0 1 1 1
 'BOGOWUEL' 52.47594 21.03536 119 2.4365 0.020445911611992 0 1 1 1
 'BOR1WUEL' 52.27697 17.07347 89 2.4438 0.004723867677817 0 1 1 1
 'BRZEWUEL' 49.969 20.5902 289 2.3952 0.0010074788806991 1 0 1 0
 'BRZGWUEL' 50.8622 17.451 150 2.4322 0.015001944919702 1 0 1 0
 'BUSKWUEL' 50.47422 20.71278 274 2.4095 0.0038604664122519 0 1 1 1
 'CLIBWUEL' 50.77169 15.05989 405 2.3529 0.019008046351619 0 1 1 1
 'CRAKWUEL' 50.10239 13.72925 336 2.3672 0.0050108797606585 0 1 1 1
 'CZESWUEL' 50.7842 19.1532 273 2.397 0.013507734856726 1 0 1 0
 'DAB1WUEL' 50.1761 20.992 213 2.4217 -0.0043047636750062 1 0 1 0
 'DEBIWUEL' 50.0436 21.4199 223 2.4381 0.014788827602333 1 0 1 0
 'GLIWWUEL' 50.2264 18.6097 242 2.4064 0.022922252494227 1 0 1 0
 'GLUBWUEL' 50.2024 17.8106 279 2.4014 0.037047567297452 1 0 1 0
 'GOR1WUEL' 49.6559 21.1394 343 2.3861 0.0093219689221216 1 0 1 0
 'JAR1WUEL' 50.0172 22.6785 235 2.4136 -0.017993120934185 1 0 1 0
 'JASTWUEL' 49.9526 18.6119 301 2.3856 0.01707885202445 1 0 1 0
 'JEDRWUEL' 50.6417 20.3008 260 2.4138 0.0068068898954183 1 0 1 0
 'JOZ2WUEL' 52.09783 21.03236 121 2.4224 -0.00031040172360086 0 1 1 1
 'KILEWUEL' 50.90847 20.66397 328 2.3949 0.0011317432467735 0 1 1 1
 'KLUCWUEL' 50.96822 18.21419 193 2.4303 0.016568227465393 0 1 1 1
 'KOLBWUEL' 50.244 21.7833 215 2.4231 -0.0023504550944384 1 0 1 0
 'KRA1WUEL' 50.06611 19.92047 227 2.4062 0.011417267369332 0 1 1 1
 'KRA2WUEL' 50.01092 19.90192 255 2.4075 0.030370343596722 0 1 1 1
 'KRAPWUEL' 50.4903 17.9568 180 2.4248 0.019367291691994 1 0 1 0
 'KRAWWUEL' 50.06614 19.92047 227 2.4057 0.010911170028904 0 1 1 1
 'LAN1WUEL' 50.0659 22.2292 253 2.408 -0.0072196108789684 1 0 1 0
 'MIEWWUEL' 50.3623 20.0402 298 2.3883 0.00622914907883 1 0 1 0
 'MOP2WUEL' 48.37269 17.27383 538 2.3432 0.047400323912836 0 1 1 1
 'NWSAWUEL' 49.6302 20.7071 300 2.396 0.013886461926078 1 0 1 0
 'NYSNWUEL' 50.45655 17.34097 200 2.4149 0.026276717512308 0 1 1 1
 'OST3WUEL' 50.9423 21.3897 202 2.4154 -0.0069479435633237 1 0 1 0
 'PAJEWUEL' 51.1467 19.0006 250 2.3979 0.0084650134041966 1 0 1 0
 'PENCWUEL' 47.78961 19.28153 248 2.3992 -0.0034816945792908 0 1 1 1
 'RACIWUEL' 50.0776 18.2149 200 2.4103 0.014584175590499 1 0 1 0
 'RYMAWUEL' 49.5755 21.8656 363 2.379 0.0047850681251957 1 0 1 0
 'STALWUEL' 50.56822 22.04811 175 2.4347 -0.0048890359365075 0 1 1 1
 'SULPWUEL' 49.83558 24.0145 344 2.3992 0.031114259044312 0 1 1 1
 'TRZ1WUEL' 50.1603 19.4691 333 2.3767 0.012035413940195 1 0 1 0
 'WADOWUEL' 49.8841 19.4859 288 2.3884 0.0076245823421917 1 0 1 0
 'WLOSWUEL' 50.8494 19.9748 257 2.4025 0.0019094549277545 1 0 1 0
 'ZAWAWUEL' 50.6095 18.4809 224 2.4163 0.014234277277558 1 0 1 0
 'ZAWIWUEL' 50.4947 19.4104 343 2.3757 0.010964181230953 1 0 1 0
 'ZIM2WUEL' 46.87708 7.46503 908 2.2029 0.015806240167787 0 1 1 1
 'ZYWEWUEL' 49.68817 19.19736 364 2.3785 0.021598594643964 0 1 1 1
 'DVCNGOP1' 48.30717 18.68281 250 2.4047 0.0051076547634166 0 1 1 1
 'FLGYSGN3' 47.03997 6.12616 622 2.2747 -0.011905700366369 0 1 1 1
 'CPARWUEL' 50.03955 15.78325 239 2.4267 0.028210517439352 0 1 1 1
 'VELSGOP1' 48.51272 22.15281 104 2.4678 0.024325192890813 0 1 1 1
 'GOPEWUEL' 49.91369 14.78564 548 2.2877 -0.0048222505928326 0 1 1 1
 'WTZSGF1G' 49.14479 12.87863 617 2.2775 0.0071271458237279 0 1 1 1
 'M0SEMR54' 41.89311 12.49325 72 2.4821 -0.0079416493644087 0 1 1 1
 'BBYSBMEL' 48.7518 19.151 444 2.3019 0.014021324429588 0 1 1 1
 'DEVABMEL' 45.87842 22.91353 204 2.4083 0.0063051487032726 0 1 1 1
 'GANPBMEL' 49.03472 20.32294 704 2.2561 0.007025769126106 0 1 1 1
 'BBYSBMEG' 48.7518 19.151 444 2.3002 0.012321324429588 0 1 1 1
 'GANPBMEG' 49.03472 20.32294 704 2.2526 0.0035257691261061 0 1 1 1
 'BAIABMEL' 47.65178 23.55769 232 2.4168 0.0037333093302911 0 1 1 1
 'BOGIMR54' 52.47499 21.03521 109 2.4547 0.016554111274536 0 1 1 1
 'LEIJMR54' 51.35398 12.37409 135 2.5077 -0.015341090989971 0 1 1 1
 'TIT2MR54' 51.03523 6.43157 110 2.4159 0.023101259234868 0 1 1 1
 'WROCMR54' 51.11326 17.06204 141 2.4397 -0.009121987193307 0 1 1 1
 'DYNWWUEL' 49.8129 22.2294 277 2.3924 -0.013194270315286 1 0 1 0
 'MSZAWUEL' 49.6793 20.0703 400 2.3448 -0.0082454882152261 1 0 1 0
 'TUBOWUEL' 49.2059 16.5928 280 2.42 0.0097612635969178 1 0 1 0
 'GOETMS54' 51.50021 9.95055 169 2.4587 0.0096414616430027 0 1 1 1
 'WROCWUEL' 51.11325 17.06206 141 2.4498 -0.0028586655515377 0 1 1 1
 'BRMGROBQ' 47.90775 7.63289 212 2.403 -0.011109505145621 0 1 1 1
 'BSCNMR54' 47.24688 5.98938 311 2.398 -0.0027805372165455 0 1 1 1
 'BSCNMS54' 47.24688 5.98938 311 2.4111 0.010319462783454 0 1 1 1
 'STRWWUEL' 49.8697 21.7883 251 2.4764 -0.006545238847806 1 0 1 0
 'TIT2GF1U' 51.03523 6.43158 110 2.4542 -0.0091554264006164 0 1 1 1
 'FFMJGF1U' 50.09058 8.66497 130 2.4386 -0.0055729123886574 0 1 1 1
 'LEIJGF1U' 51.35398 12.3741 134 2.4574 0.010308389696643 0 1 1 1
 'MATEGF1U' 40.64913 16.70446 490 2.3328 0.03567089433458 0 1 1 1
 'SKSEGOP1' 48.68 17.3731 216 2.4109 0.017676335382202 1 0 1 0
 'CFRMWUEL' 49.68481 18.35319 331 2.4025 -0.016704803933048 0 1 1 1
 'PAD1LPT_' 45.41099 11.89279 41 2.5355 0.0093717837538945 0 1 1 1
 'WTZSGF1R' 49.14479 12.87863 617 2.3162 0.0094010523103454 0 1 1 1
 'FLGYROBH' 47.03997 6.12617 622 2.3103 0.00033330185590952 0 1 1 1
 'IGMIIGER' 43.79565 11.21381 49 2.4815 0.0043033017698861 0 1 1 1
 'LDB2IGER' 52.20913 14.12093 120 2.4465 0.0044807329579242 0 1 1 1
 'MOPSIGER' 44.62936 10.9492 53 2.4867 0.011004689172184 0 1 1 1
 'PRATIGER' 43.88557 11.09913 75 2.4768 0.011666872679151 0 1 1 1
 'GANPWUEL' 49.03472 20.32294 704 2.3186 0.0087838551346606 0 1 1 1
 'PRATGF1R' 43.88556 11.09912 75 2.4877 0.0064700632956245 0 1 1 1
 'GOR2GF1U' 53.04971 11.34961 21 2.4416 -0.0011609972239723 0 1 1 1
 'WTZSGF1U' 49.14479 12.87863 617 2.2976 0.00095620773669847 0 1 1 1
 '0139GF1R' 51.35488 14.96568 178 2.4037 0.002463041518125 0 1 1 1
 'ZADABMEL' 44.11317 15.22758 21 2.4536 4.2880929020939e-05 0 1 1 1
 'PRSVGOP1' 48.97614 21.264 250 2.379 0.00058554796284005 0 1 1 1
 'DOPLGOP1' 48.20611 19.31828 229 2.3973 0.0044618225461481 0 1 1 1
 'NTRAGOP1' 48.30106 18.11261 143 2.4279 0.0096521644107712 0 1 1 1
 'SKRVGOP1' 48.6584 20.5288 309 2.396 0.0083019702006371 1 0 1 0
 'UZHLASIC' 48.63198 22.29762 191 2.4251 0.0075078059927827 0 1 1 1
 'UZHLGF1G' 48.63198 22.29762 191 2.4149 -0.0026921940072175 0 1 1 1
 'BREZGOP1' 48.8105 19.63803 522 2.3701 0.018579410958165 0 1 1 1
 'SKLMGOP1' 49.07967 19.61847 599 2.3384 0.010010461993668 0 1 1 1
 'SOFIMTRS' 42.55609 23.39473 1075 2.1571 0.00096527532244384 0 1 1 1
 'SOFIMTGH' 42.55609 23.39473 1075 2.1599 0.003765275322444 0 1 1 1
 'SOFIMTRH' 42.55609 23.39473 1075 2.1649 -0.0029565693333629 0 1 1 1
 'STMRSGN_' 43.44914 4.42163 6 2.397 0.0075141447947957 0 1 1 1
 'STMRASIC' 43.44914 4.42164 6 2.3987 0.0092140791478998 0 1 1 1
 'CLFESGN_' 45.77527 3.15291 381 2.3956 0.03452208096111 0 1 1 1
 'CLFESGN3' 45.77527 3.15291 381 2.3919 0.03082208096111 0 1 1 1
 'GSR1BMEL' 46.04814 14.54372 305 2.3953 -0.012791589021837 0 1 1 1
 'SRJVMR54' 43.86785 18.41389 599 2.3028 0.010015019252568 0 1 1 1
 'PUYASGN1' 44.85767 6.47895 1636 2.0385 -0.0010487990753805 0 1 1 1
 'KLOPROBH' 50.21978 8.72994 174 2.4924 -0.010883291351889 0 1 1 1
 'KLOPLPT_' 50.21977 8.72994 174 2.4907 -0.0031861622956222 0 1 1 1
 'MAFAROBQ' 50.237 5.29747 240 2.3913 -0.01172687726522 0 1 1 1
 'WTZSMG54' 49.14479 12.87862 617 2.2498 0.0025994651733416 0 1 1 1
 'BLCTSGN3' 48.90972 4.02777 111 2.4246 0.004878993272698 0 1 1 1
 'GRMRSGN3' 48.0723 6.88113 685 2.228 -0.0055267346797812 0 1 1 1
 'SJDMSGN3' 45.26476 6.37417 558 2.3311 0.017103487570072 0 1 1 1
 'PAD1ASI_' 45.41099 11.89279 41 2.4713 -0.013061480847015 0 1 1 1
 'TOLASGN3' 41.97411 8.97207 622 2.3145 0.008874586152539 0 1 1 1
 'HKZUMR54' 52.31934 4.04312 45 2.413 0.013565155797254 0 1 1 1
 'KLOPASIC' 50.21977 8.72994 174 2.3501 -0.0041641930676684 0 1 1 1
 'CHEVSGN3' 48.70336 2.03527 91 2.4158 0.012945049297053 0 1 1 1
 'IENGIGE2' 45.01514 7.63941 269 2.3661 -0.0025473522365389 0 1 1 1
 'BOGOGOP1' 52.47594 21.03536 119 2.4294 0.0053298445435348 0 1 1 1
 'GENOBMEL' 44.41939 8.92114 111 2.4826 0.011761646796899 0 1 1 1
 'MATEBMEL' 40.64914 16.70447 490 2.36 0.0054924522366044 0 1 1 1
 'MATGBMEL' 40.64903 16.70464 490 2.3606 0.006095411530525 0 1 1 1
 'MEDIAUT1' 44.51997 11.64683 10 2.4854 0.0057160980287843 0 1 1 1
 '0221GF1G' 51.1226 11.423 215 2.3476 -0.0077044192541766 1 0 1 0
 'MAR1MS54' 51.3917 1.38289 14 2.4205 0.012877080658121 0 1 1 1
 'HOFJASIC' 50.3129 11.8759 568 2.2562 0.0016571224783206 1 0 1 0
 'HOFJGF1G' 50.3129 11.87589 568 2.2553 0.0056380416494188 0 1 1 1
 '0221GF1U' 51.12262 11.42302 215 2.3492 -0.0043209091761311 0 1 1 1
 '0221GF1R' 51.12262 11.42302 215 2.3475 -0.0060209091761312 0 1 1 1
 'HOFJGF1R' 50.3129 11.87589 568 2.2786 0.022486747938945 0 1 1 1
 'HKZUROBQ' 52.31933 4.04311 45 2.5231 0.0071664154371622 0 1 1 1
 'HKZUROBH' 52.31933 4.04311 45 2.5162 0.00026641543716233 0 1 1 1
 'SIMPLPT_' 46.2396 8.0195 1961 1.9071 -0.0018066162900763 1 0 1 0
 'GENOBMEG' 44.41939 8.92114 111 2.5249 0.031280710336067 0 1 1 1
 'MATEBMEG' 40.64914 16.70447 490 2.2811 0.018031899664586 0 1 1 1
 'MATGBMEG' 40.64903 16.70464 490 2.2804 0.017339015193154 0 1 1 1
 'WT21GF1U' 49.14512 12.8765 610 2.2586 0.011391930586042 0 1 1 1
 'BRUXASI_' 50.79807 4.35857 113 2.4357 0.0021380253804062 0 1 1 1
 'AIGLSGN4' 44.1214 3.58126 1567 2.02 -0.010459308121886 0 1 1 1
 'AILTSGN4' 47.87701 3.35589 140 2.4152 -0.0055945658592305 0 1 1 1
 'AJACSGN4' 41.92746 8.76261 50 2.4597 0.0062165399827561 0 1 1 1
 'ALPESGN4' 45.08661 6.08346 1839 1.9367 -0.019980060647568 0 1 1 1
 'AMB2SGN4' 45.54058 3.75013 565 2.2867 -0.012272579985627 0 1 1 1
 'ANAYSGN4' 45.24033 4.68168 390 2.3196 -0.017957939500953 0 1 1 1
 'ANNYSGN4' 45.89784 6.11424 471 2.3206 -0.017043143075746 0 1 1 1
 'AQUISGN4' 42.36824 13.35024 664 2.1548 -0.021509606849866 0 1 1 1
 'ATSTSGN4' 42.16827 9.33605 691 2.2215 -0.0030934611586733 0 1 1 1
 'AVALSGN4' 47.494 3.91532 265 2.363 -0.01609879446702 0 1 1 1
 'AVGNSGN4' 43.93357 4.84441 30 2.4332 -0.020671644753368 0 1 1 1
 'BACTSGN4' 44.38768 6.64955 1151 2.1171 -0.0012201910808352 0 1 1 1
 'BEAVSGN4' 49.44611 2.10263 102 2.4917 0.00036986636365333 0 1 1 1
 'BLCTSGN4' 48.90972 4.02777 111 2.4153 -0.021791539235398 0 1 1 1
 'BLG2SGN4' 46.17177 5.57409 494 2.3047 -0.024880326260622 0 1 1 1
 'BRDOSGN4' 42.77462 9.47485 20 2.4036 -0.023175344504787 0 1 1 1
 'CACISGN4' 47.05694 3.93283 562 2.2805 -0.0086511463783827 0 1 1 1
 'CALSSGN4' 50.9648 1.84353 35 2.4888 -0.018158144186414 0 1 1 1
 'CAMASGN4' 43.39618 6.33266 164 2.3996 -0.033956740775006 0 1 1 1
 'CAUDSGN4' 50.12489 3.40127 123 2.4382 -0.022218925059003 0 1 1 1
 'CBRYSGN4' 45.58128 5.90921 275 2.3753 -0.022478671202897 0 1 1 1
 'CEVYSGN4' 49.28774 5.28713 199 2.3948 -0.020846311220255 0 1 1 1
 'CHASSGN4' 47.86268 4.55944 252 2.3684 -0.020208117477226 0 1 1 1
 'CHDYSGN4' 49.71214 4.76383 162 2.4125 -0.012490652669965 0 1 1 1
 'CHEVSGN4' 48.70336 2.03527 91 2.4764 -0.0041349576004057 0 1 1 1
 'CHLNSGN4' 49.80975 2.8016 102 2.4512 -0.014064908513751 0 1 1 1
 'CHRESGN4' 48.37185 6.28129 291 2.3583 -0.029924111611547 0 1 1 1
 'CLFESGN4' 45.77527 3.15291 381 2.3452 -0.012580383275317 0 1 1 1
 'COAUSGN4' 49.64363 3.51777 82 2.4441 -0.020703417830801 0 1 1 1
 'COUDSGN4' 51.02295 2.37411 12 2.4805 -0.025219775575522 0 1 1 1
 'CROLSGN4' 45.27769 5.88897 237 2.3891 -0.017483014749181 0 1 1 1
 'CRTESGN4' 42.29887 9.15287 449 2.3026 0.017508267111827 0 1 1 1
 'CRVASGN4' 49.22762 2.90755 109 2.4292 -0.020008789244618 0 1 1 1
 'DAGOSGN4' 48.79801 5.39243 316 2.3584 -0.025501454123447 0 1 1 1
 'DJONSGN4' 47.35544 5.045 283 2.3647 -0.021983815374495 0 1 1 1
 'DOCOSGN4' 49.14022 5.93454 249 2.3816 -0.019162714628579 0 1 1 1
 'DOJXSGN4' 48.36285 5.16052 240 2.3734 -0.026835618199887 0 1 1 1
 'DOUASGN4' 50.3957 3.09803 32 2.463 -0.032401881164701 0 1 1 1
 'DOULSGN4' 50.1621 2.35208 67 2.4871 -0.014682157293615 0 1 1 1
 'DROUSGN4' 46.7542 4.84591 192 2.3908 -0.016058006639097 0 1 1 1
 'DRUSSGN4' 48.76741 7.95064 136 2.3913 -0.017450854639199 0 1 1 1
 'ELBASGN4' 42.7529 10.21109 223 2.3408 -0.0084464371382085 0 1 1 1
 'ERCKSGN4' 48.87302 7.36421 247 2.3757 -0.019780551329361 0 1 1 1
 'EUSKSGN4' 50.67413 6.76353 198 2.3808 -0.018129442202796 0 1 1 1
 'EZEVSGN4' 43.77443 7.49728 27 2.4602 -0.017502192886293 0 1 1 1
 'FAYESGN4' 43.62077 6.68952 262 2.4029 -0.012016690876563 0 1 1 1
 'FEGASGN4' 48.78487 3.3366 179 2.3939 -0.025701961997824 0 1 1 1
 'FET2SGN4' 49.20089 3.50933 124 2.422 -0.01156143231394 0 1 1 1
 'FLGYSGN4' 47.03997 6.12616 622 2.2589 -0.035906658322086 0 1 1 1
 'FLRCSGN4' 44.32527 3.5945 555 2.2976 -0.011576562055291 0 1 1 1
 'FOUGSGN4' 47.88435 6.36544 287 2.364 -0.025167447308781 0 1 1 1
 'FRTTSGN4' 47.68034 5.56631 325 2.3574 -0.02339258753685 0 1 1 1
 'GENOSGN4' 44.41938 8.92114 110 2.3915 -0.006187409544907 0 1 1 1
 'GLRASGN4' 44.83925 4.52407 762 2.2138 -0.022532496635844 0 1 1 1
 'GRMRSGN4' 48.0723 6.88113 685 2.2372 -0.032683300064833 0 1 1 1
 'HRSNSGN4' 49.92544 4.07326 186 2.4043 -0.016190880609929 0 1 1 1
 'INSASGN4' 48.58216 7.76366 163 2.3979 -0.0022137929980564 0 1 1 1
 'ISLASGN4' 49.10384 2.20644 37 2.4937 -0.0085846697829579 0 1 1 1
 'ISLDSGN4' 47.45375 6.58885 299 2.3493 -0.028055059300707 0 1 1 1
 'KARLSGN4' 49.01124 8.41125 135 2.3742 -0.022731606670253 0 1 1 1
 'LETOSGN4' 50.51389 1.61907 17 2.5208 0.001488884479345 0 1 1 1
 'LONSSGN4' 46.67846 5.55701 276 2.366 -0.033070811096117 0 1 1 1
 'LUCESGN4' 47.43835 7.26819 692 2.2464 -0.010209751709188 0 1 1 1
 'LUCISGN4' 42.38628 9.53086 15 2.4175 8.79015256805e-05 0 1 1 1
 'LULISGN4' 46.72341 2.94598 229 2.379 -0.021161939138119 0 1 1 1
 'LUMISGN4' 42.60294 8.82738 8 2.4336 -0.0063917154738689 0 1 1 1
 'LURISGN4' 42.88842 9.47595 5 2.4101 -0.012517040210614 0 1 1 1
 'MARGSGN4' 46.08442 6.5107 473 2.3308 -0.0088198238727646 0 1 1 1
 'MAULSGN4' 41.51485 9.01506 154 2.4075 -0.0057438941431265 0 1 1 1
 'MAZGSGN4' 50.60212 2.40509 35 2.4697 -0.037064373211578 0 1 1 1
 'MDEUSGN4' 40.88976 9.16257 528 2.2896 0.0014382959124055 0 1 1 1
 'MELNSGN4' 48.53949 2.67248 84 2.4476 -0.024976893454643 0 1 1 1
 'MGISSGN4' 47.97581 2.71381 102 2.4299 -0.014204485107214 0 1 1 1
 'MNTPSGN4' 43.64623 3.86912 54 2.4343 -0.018311902141824 0 1 1 1
 'MODASGN4' 45.21378 6.71008 1128 2.1065 -0.025272375320202 0 1 1 1
 'MRONSGN4' 46.74723 6.3524 1316 2.0682 -0.03411116325323 0 1 1 1
 'MSMMSGN4' 43.81065 6.19976 747 2.2409 -0.015327349918639 0 1 1 1
 'MTBTSGN4' 48.49031 4.56401 180 2.3914 -0.018414155506785 0 1 1 1
 'MTP2SGN4' 43.63876 3.86411 79 2.4212 -0.023713701989893 0 1 1 1
 'MULHSGN4' 47.73942 7.32083 249 2.3782 -0.0023514765804866 0 1 1 1
 'NACYSGN4' 48.70222 6.14457 339 2.3429 -0.025690068897946 0 1 1 1
 'NIVOSGN4' 45.55561 5.31018 315 2.3531 -0.031056054234304 0 1 1 1
 'OSANSGN4' 42.32415 8.63243 205 2.3981 0.014006479891313 0 1 1 1
 'PDOMSGN4' 45.77212 2.96456 1462 2.0458 -0.0096692669579808 0 1 1 1
 'PERXSGN4' 46.96006 6.45622 1083 2.1228 -0.035590394670754 0 1 1 1
 'PIAASGN4' 42.23501 8.62928 495 2.3295 0.031284133670928 0 1 1 1
 'PICOSGN4' 41.47275 9.06462 11 2.4608 0.00047051920243835 0 1 1 1
 'POBUSGN4' 46.38278 4.16026 372 2.3314 -0.019958903633951 0 1 1 1
 'PRIESGN4' 43.27676 5.37271 137 2.4027 -0.025146832349317 0 1 1 1
 'PRNYSGN4' 46.90491 6.33834 833 2.1922 -0.039220242443208 0 1 1 1
 'PZNASGN4' 43.44774 3.41334 30 2.4617 -0.004437179867991 0 1 1 1
 'RAYLSGN4' 43.16051 6.49387 288 2.376 -0.013651631569969 0 1 1 1
 'RIXHSGN4' 47.73328 7.37801 317 2.3536 -0.0031090542813095 0 1 1 1
 'RNNESGN4' 46.04416 4.06274 291 2.3569 -0.018375223252601 0 1 1 1
 'ROSDSGN4' 45.69149 6.62822 1642 1.9888 -0.018837057157596 0 1 1 1
 'ROSISGN4' 45.62515 6.85576 1826 1.927 -0.026347032913002 0 1 1 1
 'RST2SGN4' 43.94095 5.48369 1019 2.1605 -0.010146354677993 0 1 1 1
 'SARLSGN4' 49.00254 7.0313 227 2.376 -0.01243546371464 0 1 1 1
 'SARSSGN4' 41.8596 9.396 20 2.4358 -0.0013187920729765 0 1 1 1
 'SCDASGN4' 44.79452 3.26748 1062 2.1676 -0.0008921766918033 0 1 1 1
 'SCOPSGN4' 41.75414 9.10086 878 2.1848 -0.0070493999081043 0 1 1 1
 'SCYRSGN4' 43.18615 5.71624 42 2.4455 -0.017790407776806 0 1 1 1
 'SEURSGN4' 46.99427 5.15152 197 2.3858 -0.027562879316541 0 1 1 1
 'SGILSGN4' 43.67701 4.43373 41 2.4285 -0.02202223725421 0 1 1 1
 'SJDMSGN4' 45.26476 6.37417 558 2.2765 -0.024777826525208 0 1 1 1
 'SMSPSGN4' 49.11517 4.58138 154 2.4068 -0.0084947590320263 0 1 1 1
 'SOLRSGN4' 44.71254 5.39851 440 2.3211 -0.022982297350903 0 1 1 1
 'STBXSGN4' 44.25942 4.19693 168 2.4098 -0.0042856969536551 0 1 1 1
 'STJ9SGN4' 48.62166 7.68381 189 2.4136 0.02126592539799 0 1 1 1
 'STPSSGN4' 46.30843 3.29398 251 2.3863 -0.0090097996842551 0 1 1 1
 'STV2SGN4' 44.56694 6.10624 762 2.2303 -0.013218864172731 0 1 1 1
 'TANZSGN4' 48.25491 7.4626 183 2.3998 0.0030929588318012 0 1 1 1
 'THILSGN4' 49.25613 3.95443 95 2.4187 -0.02579309151008 0 1 1 1
 'TOLASGN4' 41.97411 8.97207 622 2.276 0.012368701862864 0 1 1 1
 'TORISGN4' 45.06337 7.66128 261 2.3532 -0.014157440695673 0 1 1 1
 'TUDASGN4' 42.60442 9.36203 408 2.2881 -0.0079953326503603 0 1 1 1
 'UCAGSGN4' 39.22803 9.11013 89 2.4016 0.0070248031344895 0 1 1 1
 'UNIXSGN4' 45.39971 4.26144 454 2.3056 -0.019652834288865 0 1 1 1
 'VILDSGN4' 45.0732 5.54573 971 2.1607 -0.028738760339769 0 1 1 1
 'VIRGSGN4' 43.63083 10.50131 6 2.3872 -0.016538246943067 0 1 1 1
 'VISNSGN4' 44.31985 4.94922 195 2.3766 -0.018703109668714 0 1 1 1
 'VITYSGN4' 48.77393 2.37557 101 2.452 -0.014958339395999 0 1 1 1
 'VOURSGN4' 45.66159 4.78075 274 2.3523 -0.019848125510213 0 1 1 1
 'WLBHSGN4' 48.41517 7.35129 770 2.2242 -0.0045516704571686 0 1 1 1
 'AAERSGN2' 49.78247 4.64264 151 2.4083 -0.023859923343865 0 1 1 1
 'AGDESGN2' 43.29638 3.46642 16 2.4487 -0.020792618727733 0 1 1 1
 'AGDSSGN2' 43.31265 3.47432 18 2.4582 -0.010381210816098 0 1 1 1
 'ALGYSGN2' 47.46117 5.60631 197 2.3874 -0.032568521634205 0 1 1 1
 'ALU2SGN2' 47.04189 3.62681 276 2.367 -0.016008761436301 0 1 1 1
 'AMIYSGN2' 47.96503 2.72815 105 2.4301 -0.0124513935856 0 1 1 1
 'AMNSSGN2' 49.85883 2.23836 45 2.4933 -0.016260841907722 0 1 1 1
 'ANDESGN2' 48.79079 4.95434 174 2.4031 -0.01232082994987 0 1 1 1
 'ASNESGN2' 47.47829 2.39279 198 2.3949 -0.017400199434995 0 1 1 1
 'ATH2SGN2' 49.5801 3.67454 80 2.4319 -0.026240461593885 0 1 1 1
 'AUBUSGN2' 48.21685 7.1967 1102 2.1388 -0.0078150740068894 0 1 1 1
 'AUT2SGN2' 46.97137 4.30347 301 2.3498 -0.025330196206117 0 1 1 1
 'AUTNSGN2' 46.95384 4.28897 305 2.3487 -0.026086065442736 0 1 1 1
 'AXPVSGN2' 43.49121 5.33319 180 2.3953 -0.019628127029307 0 1 1 1
 'BADHSGN2' 50.22797 8.60985 213 2.3424 -0.028449161886931 0 1 1 1
 'BAL2SGN2' 47.93093 7.5403 215 2.3935 0.0080740224342479 0 1 1 1
 'BANNSGN2' 44.3692 4.15631 306 2.3572 -0.014801560976915 0 1 1 1
 'BEUGSGN2' 50.13042 2.87691 120 2.4418 -0.023341160923266 0 1 1 1
 'BLAYSGN2' 45.27505 4.65036 445 2.3029 -0.019992382931191 0 1 1 1
 'BLVRSGN2' 47.32348 6.61128 665 2.232 -0.037968906316661 0 1 1 1
 'BOVESGN2' 49.42987 2.11919 92 2.4773 -0.016536938211911 0 1 1 1
 'BRM2SGN2' 48.71123 7.7066 151 2.406 0.0013981024358678 0 1 1 1
 'BRMFSGN2' 45.72607 4.93839 207 2.3806 -0.02084859467697 0 1 1 1
 'BSCNSGN2' 47.24688 5.98938 310 2.3576 -0.030304140335853 0 1 1 1
 'BUSISGN2' 50.0339 3.46869 160 2.4181 -0.030177409631204 0 1 1 1
 'BVS2SGN2' 49.18422 5.37287 231 2.3794 -0.024291138802957 0 1 1 1
 'CANESGN2' 43.55457 7.01572 42 2.4639 -0.02336613544514 0 1 1 1
 'CCSLSGN2' 47.36096 2.92298 188 2.3925 -0.020003112471938 0 1 1 1
 'CERNSGN2' 46.25695 6.06056 476 2.3163 -0.022135750605968 0 1 1 1
 'CHE2SGN2' 48.66719 2.88289 123 2.414 -0.027850995762917 0 1 1 1
 'CHPOSGN2' 49.53688 4.2646 87 2.4253 -0.025788040441626 0 1 1 1
 'CLFDSGN2' 45.76096 3.11107 423 2.327 -0.019620548305341 0 1 1 1
 'CLMTSGN2' 45.77506 3.14551 342 2.3578 -0.012254829300626 0 1 1 1
 'CNNESGN2' 43.56921 6.96589 30 2.4659 -0.024429903865945 0 1 1 1
 'COMOSGN2' 45.80216 9.09562 245 2.3369 -0.0042106863078204 0 1 1 1
 'CONNSGN2' 48.73019 3.91781 111 2.4095 -0.026467733056939 0 1 1 1
 'CRAUSGN2' 43.12389 6.07598 46 2.4632 0.0043746664682911 0 1 1 1
 'CRTSSGN2' 44.72601 5.01808 196 2.37 -0.030946605448831 0 1 1 1
 'CYLMSGN2' 46.29113 4.78011 193 2.3802 -0.020817393111396 0 1 1 1
 'DBMHSGN2' 48.60381 6.3641 229 2.3828 -0.02242432038828 0 1 1 1
 'DEQUSGN2' 45.86996 6.62993 1113 2.1239 -0.02847958969522 0 1 1 1
 'DGLGSGN2' 50.99365 2.34475 12 2.4649 -0.041813626181208 0 1 1 1
 'DHUISGN2' 48.39936 2.17659 160 2.4369 -0.0036577665250173 0 1 1 1
 'DILLSGN2' 49.37156 6.69967 179 2.3785 -0.030694111332322 0 1 1 1
 'DOCXSGN2' 46.4995 5.30075 224 2.3669 -0.035731137353713 0 1 1 1
 'DRULSGN2' 48.91184 7.12949 340 2.3319 -0.028056181551317 0 1 1 1
 'DUNQSGN2' 51.04807 2.36669 7 2.4683 -0.039467549619316 0 1 1 1
 'EBNSSGN2' 45.14959 5.74131 232 2.3748 -0.028735924969812 0 1 1 1
 'ENTZSGN2' 48.54936 7.6399 156 2.4169 0.01364967707578 0 1 1 1
 'EOSTSGN2' 48.57984 7.76249 165 2.3953 -0.0042442543412462 0 1 1 1
 'EQH2SGN2' 50.68035 1.56755 45 2.4975 -0.0079514840178865 0 1 1 1
 'ETOISGN2' 48.57322 7.75227 185 2.3885 -0.004832497793998 0 1 1 1
 'EXSGSGN2' 48.89957 2.0647 113 2.4652 -0.012786038995269 0 1 1 1
 'FEURSGN2' 45.7348 4.22924 351 2.3374 -0.016500252911722 0 1 1 1
 'FIEDSGN2' 46.77271 5.71485 550 2.2756 -0.039169070513958 0 1 1 1
 'FRGNSGN2' 46.82025 4.85208 220 2.3752 -0.023265504961986 0 1 1 1
 'GAJNSGN2' 43.90175 4.20967 100 2.4122 -0.021421040721785 0 1 1 1
 'GAPCSGN2' 44.50072 6.04352 701 2.2513 -0.012456324846831 0 1 1 1
 'GDIJSGN2' 47.33273 5.04474 267 2.3639 -0.027635370066704 0 1 1 1
 'GIE1SGN2' 47.61301 2.78154 166 2.3979 -0.020484954549191 0 1 1 1
 'GRACSGN2' 43.75449 6.92076 1269 2.0949 -0.0096259160309637 0 1 1 1
 'GRIGSGN2' 48.70372 2.88166 119 2.4167 -0.026828721359938 0 1 1 1
 'IGNPSGN2' 48.84447 2.42503 80 2.4514 -0.024075249718592 0 1 1 1
 'JANUSGN2' 44.91036 6.71003 2529 1.7716 -0.0094146945024276 0 1 1 1
 'JOUXSGN2' 46.52857 5.79566 795 2.2096 -0.035155934276469 0 1 1 1
 'LAIGSGN2' 47.84244 4.37303 239 2.3591 -0.034686172899172 0 1 1 1
 'LDB2SGN2' 52.20912 14.12092 120 2.3399 -0.022674333191429 0 1 1 1
 'LESASGN2' 43.56065 4.68406 19 2.4362 -0.022839160192321 0 1 1 1
 'LIL2SGN2' 50.61351 3.13595 51 2.4457 -0.044713282937658 0 1 1 1
 'LIZ2SGN2' 49.02347 3.0369 67 2.43 -0.024925764715305 0 1 1 1
 'LLGVSGN2' 47.01367 6.47667 863 2.1872 -0.030651612470652 0 1 1 1
 'LMDMSGN2' 46.0691 3.66147 551 2.2794 -0.021444527217326 0 1 1 1
 'LRTZSGN2' 48.69051 6.1915 215 2.3719 -0.036095846537792 0 1 1 1
 'MAGRSGN2' 48.18689 3.32244 99 2.4138 -0.014456299657443 0 1 1 1
 'MARSSGN2' 43.27877 5.35378 12 2.4265 -0.041574149415391 0 1 1 1
 'MEDISGN2' 44.51995 11.64681 10 2.3771 -0.019240481871905 0 1 1 1
 'MENDSGN2' 44.50486 3.53007 1023 2.1708 -0.0055879774922705 0 1 1 1
 'MENSSGN2' 44.81557 5.7506 784 2.2084 -0.032386130137418 0 1 1 1
 'MICHSGN2' 43.92415 5.71735 577 2.2863 -0.015666475525667 0 1 1 1
 'MIRESGN2' 48.29486 6.12133 303 2.3466 -0.034322738112315 0 1 1 1
 'MLVLSGN2' 48.84106 2.58731 116 2.4348 -0.027028947333398 0 1 1 1
 'MNBLSGN2' 47.49583 6.80613 364 2.3194 -0.037995382577883 0 1 1 1
 'MONSSGN2' 46.54855 3.28558 264 2.3748 -0.013665046772713 0 1 1 1
 'MTLCSGN2' 46.17984 5.5746 496 2.3033 -0.025597562278425 0 1 1 1
 'NICASGN2' 43.70326 7.22726 207 2.4026 -0.027246491204608 0 1 1 1
 'NOGTSGN2' 48.03534 5.34797 405 2.3212 -0.031400272834701 0 1 1 1
 'OPMESGN2' 45.71288 3.08978 657 2.2588 -0.01868896664824 0 1 1 1
 'PALISGN2' 43.37597 4.81046 11 2.4302 -0.027441982947165 0 1 1 1
 'PAMOSGN2' 46.46684 4.11764 286 2.3552 -0.025260346216789 0 1 1 1
 'PANASGN2' 48.85466 2.39358 76 2.4569 -0.020141079471724 0 1 1 1
 'PAYESGN2' 46.81214 6.94394 499 2.2924 -0.034465505839869 0 1 1 1
 'PUYVSGN2' 45.04361 3.87887 658 2.2675 -0.0011524947749377 0 1 1 1
 'QNSNSGN2' 43.72226 6.0281 568 2.2855 -0.020834998996128 0 1 1 1
 'RMZTSGN2' 44.42075 5.36179 465 2.31 -0.031177344420685 0 1 1 1
 'ROMYSGN2' 49.17377 3.76872 229 2.3808 -0.024156070972178 0 1 1 1
 'RUPTSGN2' 48.42848 5.13833 208 2.3834 -0.027630032120009 0 1 1 1
 'SBGSSGN2' 48.90997 2.16741 66 2.4743 -0.015799126813221 0 1 1 1
 'SDDPSGN2' 46.94346 2.52978 177 2.3881 -0.030002882431252 0 1 1 1
 'SEM2SGN2' 47.48995 4.33573 297 2.3472 -0.024707114448542 0 1 1 1
 'SET1SGN2' 43.39978 3.70182 9 2.4478 -0.018871503709148 0 1 1 1
 'SIRTSGN2' 48.71217 2.2085 173 2.439 -0.012306208980108 0 1 1 1
 'SISTSGN2' 44.22919 5.91256 513 2.3127 -0.010613866709843 0 1 1 1
 'SMCRSGN2' 46.56949 5.8319 803 2.2171 -0.026644356238309 0 1 1 1
 'STAZSGN2' 45.53984 5.52794 414 2.3178 -0.035583848025979 0 1 1 1
 'STELSGN2' 46.9983 3.19436 186 2.3977 -0.014399197009885 0 1 1 1
 'STF2SGN2' 45.52673 3.72704 540 2.2995 -0.0077740782440796 0 1 1 1
 'THNVSGN2' 49.3639 6.17033 164 2.402 -0.023833137014508 0 1 1 1
 'TLTGSGN2' 43.11738 5.91315 3 2.452 -0.028843702616173 0 1 1 1
 'TRYSSGN2' 48.29424 4.01181 122 2.3929 -0.044930975534195 0 1 1 1
 'VAUDSGN2' 46.98116 5.62686 222 2.3799 -0.033706363226262 0 1 1 1
 'VERNSGN2' 45.21126 3.22949 892 2.2015 -0.010237104177441 0 1 1 1
 'VIN1SGN2' 47.70573 3.62695 118 2.4113 -0.014300103732082 0 1 1 1
 'VLISSGN2' 51.44287 3.59733 10 2.4608 -0.042681686757176 0 1 1 1
 'VNTESGN2' 49.43353 2.77988 93 2.4424 -0.019431387419786 0 1 1 1
 'VOUZSGN2' 49.3964 4.69218 121 2.4207 -0.0084470558888379 0 1 1 1
 'VRCTSGN2' 47.34129 5.11243 229 2.3796 -0.02333128040209 0 1 1 1
 'VSOUSGN2' 47.6169 6.16826 231 2.3794 -0.019244259972814 0 1 1 1
 'YSCNSGN2' 43.71165 3.83329 135 2.3981 -0.02834768518803 0 1 1 1
 'GRASSGN2' 43.75473 6.92057 1268 2.1092 0.001601207616722 0 1 1 1
 'EXLCSGN2' 43.17102 5.61177 21 2.4394 -0.0082159452455932 0 1 1 1
 'STMRSGN2' 43.44914 4.42163 6 2.4787 -0.0099261847744434 0 1 1 1
 'WTZRMTRH' 49.1442 12.87891 619 2.2464 0.0032916902510416 0 1 1 1
 'WTZRMTGH' 49.1442 12.87891 619 2.2502 0.0070916902510416 0 1 1 1
 'WRLGROBH' 49.14497 12.87572 614 2.191 -0.0535764469707 0 1 1 1
 'WTZRASI_' 49.1442 12.87891 619 2.2491 0.003782833087953 0 1 1 1
 'AMSTMS54' 52.38731 4.83562 45 2.5503 0.045709084074504 0 1 1 1
 'APELMS54' 52.21192 5.96229 72 2.4813 -0.016542229129699 0 1 1 1
 'ARNHMS54' 51.95264 5.87385 33 2.5171 0.00080494210297699 0 1 1 1
 'BOXMMS54' 51.63998 5.98286 26 2.5667 0.05013528319071 0 1 1 1
 'BRD2MS54' 51.56337 4.74639 11 2.531 0.016412248251921 0 1 1 1
 'CBW1MS54' 51.96954 4.92618 2 2.5365 0.012523373744769 0 1 1 1
 'DHELMS54' 52.96321 4.7439 6 2.5324 0.024882677577676 0 1 1 1
 'DZYLMS54' 53.32004 6.94043 16 2.5197 0.010275046819396 0 1 1 1
 'EBRGMS54' 52.06751 6.65686 31 2.5277 0.016316391640891 0 1 1 1
 'EHVNMS54' 51.43359 5.4658 41 2.5427 0.025130071003721 0 1 1 1
 'EPL1MS54' 51.99792 3.27504 21 2.4979 -0.0017960573388471 0 1 1 1
 'HARLMS54' 53.17568 5.41129 10 2.5083 -0.001849112133979 0 1 1 1
 'HHO2MS54' 51.97755 4.11978 9 2.5364 0.028356075104094 0 1 1 1
 'HOOGMS54' 52.74899 6.57314 17 2.5286 0.017278486222274 0 1 1 1
 'JOURMS54' 52.96152 5.81308 8 2.5248 0.014095678982801 0 1 1 1
 'KERKMS54' 50.85184 6.0067 189 2.4722 0.013888312890419 0 1 1 1
 'LELYMS54' 52.50461 5.42106 9 2.5189 0.00047794594123873 0 1 1 1
 'LITHMS54' 51.8083 5.4537 19 2.5444 0.018040283534933 0 1 1 1
 'LWRDMS54' 53.19689 5.78714 31 2.5091 0.0059393672024188 0 1 1 1
 'OLDEMS54' 52.30913 6.89439 39 2.5235 0.016018122674825 0 1 1 1
 'RDAMMS54' 51.95279 4.55929 39 2.5275 0.024742318440883 0 1 1 1
 'RIL2MS54' 51.44811 4.23053 24 2.528 0.024369296369453 0 1 1 1
 'ROE2MS54' 51.17481 5.99913 36 2.5205 0.0069211751167813 0 1 1 1
 'SASGMS54' 51.22941 3.80898 25 2.5243 0.019159139965925 0 1 1 1
 'SDYKMS54' 51.74862 3.82605 15 2.5241 0.018683108388311 0 1 1 1
 'TAPLMS54' 52.879 7.09856 21 2.525 0.018261187510416 0 1 1 1
 'TXE2MS54' 53.04107 4.85117 9 2.5359 0.027236765677212 0 1 1 1
 'UTR2MS54' 52.06263 5.09309 19 2.5349 0.011028605806319 0 1 1 1
 'WIL2MS54' 51.68243 4.39769 10 2.5286 0.020073863620933 0 1 1 1
 'WSRAMS54' 52.91461 6.6045 41 2.5295 0.027724709375071 0 1 1 1
 'ZWO2MS54' 52.50279 6.09336 23 2.5234 0.014476908056693 0 1 1 1
 'BVOISGN2' 50.36946 2.23862 145 2.4514 0.0077538978816731 0 1 1 1
 'AJACMS54' 41.92746 8.76261 49 2.44 0.041753290925551 0 1 1 1
 'BRMGMS54' 47.90773 7.63287 212 2.4525 0.01145699548692 0 1 1 1
 'DLF1MS54' 51.98602 4.38746 32 2.4958 0.019585410217962 0 1 1 1
 'GOPEMS54' 49.9137 14.78562 548 2.2684 -0.0030876408622595 0 1 1 1
 'GRASMS54' 43.75473 6.92057 1269 2.0871 0.023713208261345 0 1 1 1
 'GRAZMS54' 47.06713 15.49348 493 2.2698 -0.0030836703000663 0 1 1 1
 'JOZ2MS54' 52.09783 21.03235 121 2.4317 0.026416031817167 0 1 1 1
 'KOS1MS54' 52.17336 5.81822 62 2.5007 0.0051759068374193 0 1 1 1
 'LEIJMS54' 51.35398 12.37409 135 2.4239 0.0084585349798201 0 1 1 1
 'M0SEMS54' 41.89311 12.49325 72 2.38 0.0016828472760282 0 1 1 1
 'MARSMS54' 43.27877 5.35378 13 2.3789 -0.021109816723693 0 1 1 1
 'MATEMS54' 40.64913 16.70446 490 2.2857 0.021771755516974 0 1 1 1
 'ORIDMS54' 41.12731 20.79405 731 2.2184 0.0301949166158 0 1 1 1
 'PENCMS54' 47.7896 19.28152 248 2.3709 0.011103239972561 0 1 1 1
 'SOFIMS54' 42.55609 23.39473 1075 2.1417 0.029335166845381 0 1 1 1
 'WROCMS54' 51.11326 17.06204 141 2.3774 -0.01745893568446 0 1 1 1
 'WSRTMS54' 52.91461 6.6045 41 2.5035 0.011518762273353 0 1 1 1
 'WTZRMS54' 49.1442 12.87891 619 2.2892 0.015191536586968 0 1 1 1
 'ZIM2MS54' 46.87709 7.46503 908 2.2228 0.013952665287705 0 1 1 1
 'ATTLMS54' 52.51683 0.98813 36 2.4674 -0.0098871030865615 0 1 1 1
 'GORSMS54' 52.57556 1.73194 7 2.4863 -0.001220223085737 0 1 1 1
 'WTZRGF1U' 49.1442 12.87891 619 2.3079 0.00019637766700109 0 1 1 1
 'APT2SGN2' 43.87629 5.38824 236 2.3622 0.00032883184423049 0 1 1 1
 'CAMPSGN4' 41.91824 8.79077 12 2.4532 -0.01028634768044 0 1 1 1
 'GRONSGN4' 47.10669 2.70821 175 2.4332 -0.00076126453097825 0 1 1 1
 'ALDBMS54' 52.15316 1.60283 12 2.4098 -0.036067699175222 0 1 1 1
 'WTZRBMEL' 49.1442 12.87892 619 2.2481 0.0031019796259497 0 1 1 1
 'WTZRBMEG' 49.1442 12.87892 619 2.2533 0.0083019796259496 0 1 1 1
 'PUYASGN2' 44.85767 6.47895 1636 1.9878 0.039104962484831 0 1 1 1
 'ROVEROBH' 45.8935 11.04211 212 2.3254 -0.0013202023521055 0 1 1 1
 'ROVEGF1G' 45.8935 11.0421 213 2.3602 0.031304458042047 0 1 1 1
 'AJACIGER' 41.92746 8.76262 49 2.415 -0.0019882906019393 0 1 1 1
 'AJACIGE2' 41.92746 8.76262 49 2.4123 -0.0046882906019392 0 1 1 1
 'GOPEIGER' 49.91371 14.78563 548 2.2194 0.0082601292058047 0 1 1 1
 'MATEIGER' 40.64914 16.70447 490 2.2786 0.0040433147554761 0 1 1 1
 'GOPEIGE2' 49.91371 14.78563 548 2.2197 0.0085601292058048 0 1 1 1
 'MATEIGE2' 40.64914 16.70447 490 2.2785 0.0039433147554764 0 1 1 1
 'ROVEGF1R' 45.8935 11.0421 213 2.3438 -0.018791795714167 0 1 1 1
 'MELHSGN1' 50.56914 2.85138 38 2.4113 0.0032776512825441 0 1 1 1
 'MELSSGN1' 50.6336 2.9785 39 2.4144 0.0071172476358092 0 1 1 1
 'MELHSGN2' 50.56914 2.85138 38 2.3981 -0.0099223487174562 0 1 1 1
 'MELSSGN2' 50.6336 2.9785 39 2.4038 -0.0034827523641909 0 1 1 1
 'DOURROBG' 50.09489 4.59494 237 2.2917 -0.03187546498949 0 1 1 1
 'WTZSMTGH' 49.14479 12.87862 617 2.2128 0.0078584204508005 0 1 1 1
 'WTZSASIC' 49.14479 12.87863 617 2.1921 0.00318952630855 0 1 1 1
 'WTZAROBG' 49.14422 12.87892 619 2.2489 -4.9658445998357e-05 0 1 1 1
 'AUBGGF1U' 48.4213 10.9213 461 2.3633 0.0059292695928819 0 1 1 1
 'ZOUFIGER' 46.55722 12.97356 1898 1.877 -0.0020386478810637 0 1 1 1
 'ZOUFIGE2' 46.55722 12.97356 1898 1.8774 -0.0016386478810637 0 1 1 1
 'HOFJGF1U' 50.3129 11.87589 568 2.188 0.0025225529845203 0 1 1 1
